id,first_name,last_name,email,gender,Narital status,assault/abuse,rape,sought help
1,Mufi,Darlington,mdarlington0@yellowbook.com,Female,divorced,No,Yes,No
2,Tobit,McCloughlin,tmccloughlin1@squarespace.com,Male,married,Yes,No,No
3,Alvan,Monday,amonday2@blinklist.com,Male,separated,Yes,Yes,No
4,Carlina,Prahl,cprahl3@theglobeandmail.com,Female,married,Yes,No,No
5,Sula,Wilkenson,swilkenson4@discovery.com,Agender,single,No,Yes,Yes
6,Letty,Giovannilli,lgiovannilli5@princeton.edu,Female,divorced,Yes,Yes,Yes
7,Vallie,Chappell,vchappell6@reverbnation.com,Female,married,Yes,Yes,No
8,Dorri,Masson,dmasson7@yolasite.com,Female,divorced,No,No,Yes
9,Bette-ann,Brigden,bbrigden8@theguardian.com,Female,married,No,No,Yes
10,Russ,Sedwick,rsedwick9@tamu.edu,Male,separated,Yes,Yes,No
11,Gino,Robshaw,grobshawa@narod.ru,Male,single,No,Yes,Yes
12,Zack,Yaus,zyausb@wsj.com,Male,divorced,No,Yes,No
13,Felicio,Pawling,fpawlingc@simplemachines.org,Male,separated,Yes,No,No
14,Keith,Bolderoe,kbolderoed@yandex.ru,Male,divorced,No,Yes,Yes
15,Sim,Moscone,smosconee@symantec.com,Male,separated,Yes,No,Yes
16,Electra,Undy,eundyf@g.co,Female,separated,Yes,No,Yes
17,Melva,Gallaher,mgallaherg@cbsnews.com,Female,single,No,Yes,No
18,Gibbie,Stichel,gstichelh@spotify.com,Male,divorced,Yes,Yes,No
19,Pail,Weber,pweberi@state.gov,Male,married,No,Yes,Yes
20,Constance,Jahn,cjahnj@wikia.com,Female,divorced,No,Yes,No
21,Friederike,Inkpen,finkpenk@goodreads.com,Female,divorced,Yes,Yes,Yes
22,Inglis,Yersin,iyersinl@digg.com,Male,single,Yes,No,No
23,Alric,Clashe,aclashem@boston.com,Male,single,Yes,Yes,Yes
24,Georgie,Dwyer,gdwyern@skype.com,Male,married,No,No,No
25,Wilie,Mapstone,wmapstoneo@nationalgeographic.com,Female,married,No,No,Yes
26,Hussein,Glenister,hglenisterp@last.fm,Male,married,No,No,Yes
27,Derk,Fligg,dfliggq@aol.com,Male,divorced,No,No,No
28,Archibald,Brunsdon,abrunsdonr@omniture.com,Male,separated,No,Yes,No
29,Art,Driffe,adriffes@usatoday.com,Male,married,No,Yes,Yes
30,Lillis,McElroy,lmcelroyt@bizjournals.com,Female,married,Yes,No,Yes
31,Dulce,Renvoise,drenvoiseu@bluehost.com,Female,separated,Yes,No,No
32,Wilfrid,Winney,wwinneyv@networkadvertising.org,Agender,married,Yes,Yes,No
33,Mitchael,Neames,mneamesw@reverbnation.com,Male,separated,Yes,No,Yes
34,Stafford,Udey,sudeyx@jiathis.com,Male,married,No,Yes,No
35,Travus,Gatheridge,tgatheridgey@example.com,Male,single,No,No,Yes
36,Saundra,Beincken,sbeinckenz@cam.ac.uk,Female,married,No,No,Yes
37,Valerye,Yannoni,vyannoni10@blinklist.com,Female,married,Yes,No,Yes
38,Finley,Davidofski,fdavidofski11@economist.com,Male,married,Yes,Yes,Yes
39,Thoma,Gittis,tgittis12@amazon.co.jp,Non-binary,separated,No,Yes,No
40,Lawton,Sykes,lsykes13@rambler.ru,Male,single,Yes,No,Yes
41,Codi,Mattingley,cmattingley14@dailymail.co.uk,Female,separated,No,Yes,Yes
42,Morissa,Twatt,mtwatt15@ameblo.jp,Female,divorced,No,Yes,Yes
43,Imogen,Knappen,iknappen16@goodreads.com,Bigender,single,Yes,No,Yes
44,Luisa,Frensche,lfrensche17@ning.com,Female,married,No,Yes,Yes
45,Nikki,Menci,nmenci18@imdb.com,Male,single,Yes,Yes,No
46,Dyann,Kynforth,dkynforth19@wufoo.com,Female,single,No,Yes,No
47,Madalena,Youde,myoude1a@ning.com,Female,single,No,No,No
48,Whitby,Simukov,wsimukov1b@google.com.hk,Male,single,Yes,No,No
49,Giulietta,Loines,gloines1c@engadget.com,Female,married,Yes,Yes,Yes
50,Joshuah,Billham,jbillham1d@goo.ne.jp,Male,married,Yes,Yes,No
51,Salomi,Beeswing,sbeeswing1e@reverbnation.com,Female,divorced,Yes,No,Yes
52,Winnifred,Joutapaitis,wjoutapaitis1f@toplist.cz,Female,divorced,Yes,Yes,No
53,Wald,Duggon,wduggon1g@fda.gov,Male,single,Yes,No,No
54,Mile,Durnin,mdurnin1h@gnu.org,Male,divorced,Yes,Yes,No
55,Rosalinda,Vowdon,rvowdon1i@eepurl.com,Agender,separated,No,No,No
56,Candi,Durrance,cdurrance1j@lulu.com,Female,single,Yes,Yes,Yes
57,Hanan,Turle,hturle1k@instagram.com,Male,divorced,Yes,Yes,Yes
58,Cordelie,Zanioletti,czanioletti1l@deviantart.com,Female,married,Yes,Yes,No
59,Charmaine,Wolfer,cwolfer1m@dagondesign.com,Female,separated,Yes,No,No
60,Jere,Tester,jtester1n@constantcontact.com,Female,separated,Yes,Yes,No
61,Roldan,Clarkson,rclarkson1o@feedburner.com,Male,separated,No,Yes,Yes
62,Bobby,Mickan,bmickan1p@quantcast.com,Male,single,No,No,No
63,Carlos,Gavozzi,cgavozzi1q@icio.us,Male,divorced,No,No,No
64,Rafferty,Braunes,rbraunes1r@miitbeian.gov.cn,Male,married,No,Yes,No
65,Yoshiko,Sager,ysager1s@bluehost.com,Female,separated,Yes,Yes,Yes
66,Rikki,Leele,rleele1t@wisc.edu,Male,married,Yes,Yes,Yes
67,Beverly,Abbate,babbate1u@reddit.com,Female,married,Yes,No,Yes
68,Jakie,Cubbino,jcubbino1v@archive.org,Male,separated,No,No,Yes
69,Christabella,Lomasney,clomasney1w@nasa.gov,Female,single,No,No,Yes
70,Milton,Velez,mvelez1x@biglobe.ne.jp,Male,separated,Yes,Yes,Yes
71,Crosby,Cacacie,ccacacie1y@zdnet.com,Male,single,No,Yes,Yes
72,Erhart,Humphries,ehumphries1z@mashable.com,Male,separated,Yes,No,Yes
73,Matilda,Catcheside,mcatcheside20@sbwire.com,Female,separated,No,No,Yes
74,Christoffer,Setterthwait,csetterthwait21@ucoz.com,Male,married,Yes,Yes,Yes
75,Vonni,Kamiyama,vkamiyama22@craigslist.org,Female,single,No,No,No
76,Lamond,Fulmen,lfulmen23@macromedia.com,Male,married,Yes,Yes,Yes
77,Rene,Birkby,rbirkby24@blogger.com,Genderqueer,divorced,No,Yes,No
78,Kamila,Scruby,kscruby25@zdnet.com,Female,separated,Yes,Yes,Yes
79,Sibylla,Acreman,sacreman26@geocities.com,Female,married,Yes,No,No
80,Bo,Richfield,brichfield27@twitter.com,Male,divorced,Yes,Yes,Yes
81,Ced,Slateford,cslateford28@meetup.com,Male,married,Yes,No,Yes
82,Paquito,Burrow,pburrow29@usda.gov,Male,single,No,No,Yes
83,Larissa,Guye,lguye2a@biglobe.ne.jp,Female,separated,Yes,No,No
84,Alejandra,Stanbrooke,astanbrooke2b@npr.org,Female,single,Yes,Yes,Yes
85,Myra,Grinyer,mgrinyer2c@mysql.com,Genderqueer,separated,Yes,Yes,Yes
86,Dita,Sebire,dsebire2d@economist.com,Female,separated,No,No,No
87,Lianne,Ware,lware2e@hatena.ne.jp,Female,single,Yes,Yes,Yes
88,Vinnie,Mahy,vmahy2f@fastcompany.com,Male,divorced,Yes,Yes,Yes
89,Ike,Greenacre,igreenacre2g@github.io,Male,single,No,Yes,Yes
90,Alfredo,Christophe,achristophe2h@army.mil,Male,divorced,Yes,No,No
91,Grantley,Brownsill,gbrownsill2i@trellian.com,Male,single,Yes,No,Yes
92,Janel,Itscovitz,jitscovitz2j@admin.ch,Female,separated,No,No,No
93,Nessi,Scrimshaw,nscrimshaw2k@timesonline.co.uk,Genderfluid,married,Yes,Yes,Yes
94,Clemmie,Storch,cstorch2l@scientificamerican.com,Genderfluid,separated,No,No,No
95,Gerda,Watkiss,gwatkiss2m@usgs.gov,Female,married,Yes,No,No
96,Cynthy,Sikora,csikora2n@adobe.com,Female,divorced,Yes,No,No
97,Haslett,Tomich,htomich2o@indiegogo.com,Male,married,Yes,Yes,Yes
98,Ariel,Giraux,agiraux2p@icio.us,Female,divorced,Yes,No,No
99,Lotty,Joberne,ljoberne2q@google.nl,Female,married,No,Yes,Yes
100,Debera,Dorey,ddorey2r@tinypic.com,Female,married,Yes,Yes,Yes
101,Wallache,Laws,wlaws2s@google.ru,Male,divorced,No,No,No
102,Burk,Dennerley,bdennerley2t@dmoz.org,Male,separated,No,No,Yes
103,Karita,Whardley,kwhardley2u@bravesites.com,Female,separated,No,No,Yes
104,Lavena,Cicchelli,lcicchelli2v@yelp.com,Female,single,Yes,Yes,No
105,Howie,Grimsdyke,hgrimsdyke2w@google.es,Male,married,No,No,Yes
106,Dane,Bichener,dbichener2x@hugedomains.com,Male,single,No,Yes,No
107,Andrey,Pedrozzi,apedrozzi2y@nydailynews.com,Male,single,No,Yes,No
108,Carver,Tunuy,ctunuy2z@dot.gov,Male,divorced,Yes,No,No
109,Ned,Tomczynski,ntomczynski30@reverbnation.com,Male,divorced,No,No,Yes
110,Gerard,Nealy,gnealy31@theglobeandmail.com,Male,separated,Yes,No,Yes
111,Cherida,Rilings,crilings32@devhub.com,Female,divorced,Yes,Yes,No
112,Brendan,Alesi,balesi33@aol.com,Male,single,Yes,No,No
113,Donnajean,Rodell,drodell34@google.ru,Female,single,Yes,No,No
114,Ignacius,O'Lunney,iolunney35@imageshack.us,Male,single,Yes,Yes,Yes
115,Ede,Chaytor,echaytor36@mozilla.com,Female,single,No,No,Yes
116,Joete,Gaskal,jgaskal37@people.com.cn,Female,married,No,Yes,Yes
117,Horacio,Styles,hstyles38@newsvine.com,Male,single,Yes,No,No
118,Georgina,Simonnot,gsimonnot39@pen.io,Female,divorced,No,No,Yes
119,Suzi,Trunby,strunby3a@springer.com,Female,separated,No,Yes,No
120,Tuckie,Oakinfold,toakinfold3b@bluehost.com,Male,divorced,No,Yes,No
121,Meier,Stockford,mstockford3c@nydailynews.com,Male,divorced,No,No,No
122,Amory,Cathrae,acathrae3d@skyrock.com,Male,single,No,Yes,Yes
123,Jonis,Jephcott,jjephcott3e@bbc.co.uk,Female,married,Yes,Yes,No
124,Benetta,Matton,bmatton3f@chron.com,Female,married,Yes,No,Yes
125,Garner,Hadwin,ghadwin3g@tinyurl.com,Male,separated,Yes,Yes,No
126,Ignace,Kees,ikees3h@i2i.jp,Male,single,Yes,No,Yes
127,Fedora,Hamshaw,fhamshaw3i@gravatar.com,Female,separated,No,Yes,No
128,Goldi,Sussex,gsussex3j@csmonitor.com,Female,divorced,No,No,Yes
129,Earvin,Ballintyne,eballintyne3k@deviantart.com,Male,single,No,Yes,Yes
130,Misty,Poltone,mpoltone3l@cnn.com,Female,married,No,No,Yes
131,Abbie,Arcase,aarcase3m@ask.com,Female,divorced,No,No,Yes
132,Rawley,Grunwald,rgrunwald3n@icio.us,Male,separated,No,Yes,Yes
133,Markos,Girardin,mgirardin3o@cocolog-nifty.com,Male,divorced,No,Yes,No
134,Wait,McCarlich,wmccarlich3p@homestead.com,Male,separated,No,No,Yes
135,Obediah,Hambers,ohambers3q@zimbio.com,Male,single,Yes,No,No
136,Justina,Neal,jneal3r@dailymail.co.uk,Female,single,Yes,No,No
137,Evelyn,Reddle,ereddle3s@ox.ac.uk,Female,divorced,No,No,No
138,Fairleigh,Clow,fclow3t@csmonitor.com,Male,single,Yes,No,Yes
139,Carmina,Anger,canger3u@archive.org,Female,separated,No,No,No
140,Antoinette,Faulkner,afaulkner3v@salon.com,Female,divorced,No,No,Yes
141,Cicely,Dowbekin,cdowbekin3w@jugem.jp,Female,separated,No,No,No
142,Frederico,Barabisch,fbarabisch3x@disqus.com,Male,married,No,Yes,No
143,Rosina,Puvia,rpuvia3y@sogou.com,Non-binary,divorced,No,No,No
144,Carine,Hemstead,chemstead3z@msu.edu,Female,divorced,Yes,No,No
145,Thorpe,Bentinck,tbentinck40@samsung.com,Male,married,Yes,Yes,No
146,Peggie,McGoon,pmcgoon41@army.mil,Female,separated,No,Yes,Yes
147,Gradeigh,Maffione,gmaffione42@marriott.com,Male,single,No,No,Yes
148,Tabina,Adamik,tadamik43@stumbleupon.com,Female,separated,No,No,No
149,Chloris,Liddle,cliddle44@angelfire.com,Female,married,Yes,No,Yes
150,Corilla,Scanlan,cscanlan45@people.com.cn,Female,divorced,No,No,No
151,Abbye,Sinkin,asinkin46@netlog.com,Female,married,No,No,Yes
152,Lisbeth,Duchart,lduchart47@independent.co.uk,Female,single,No,No,Yes
153,Harriette,Lanegran,hlanegran48@istockphoto.com,Female,separated,Yes,No,Yes
154,Karlee,Shelbourne,kshelbourne49@dailymail.co.uk,Female,separated,Yes,Yes,No
155,Tallie,Olding,tolding4a@nsw.gov.au,Female,divorced,No,No,No
156,Aldon,Duigan,aduigan4b@loc.gov,Male,married,Yes,Yes,No
157,Evelyn,Mullett,emullett4c@google.cn,Female,divorced,Yes,No,Yes
158,Grantham,Beau,gbeau4d@geocities.jp,Male,married,Yes,No,Yes
159,Tim,Haddy,thaddy4e@unicef.org,Female,divorced,Yes,Yes,No
160,Bertrando,Pitway,bpitway4f@sohu.com,Male,single,No,No,No
161,Slade,Barroux,sbarroux4g@statcounter.com,Male,married,No,Yes,Yes
162,Dosi,McReidy,dmcreidy4h@hexun.com,Bigender,single,No,Yes,No
163,Allis,Rosenwald,arosenwald4i@nymag.com,Female,divorced,Yes,No,Yes
164,Mohammed,Casey,mcasey4j@ibm.com,Male,divorced,Yes,Yes,No
165,Mavra,McTurley,mmcturley4k@technorati.com,Genderqueer,single,Yes,No,No
166,Vladamir,Comben,vcomben4l@e-recht24.de,Male,single,Yes,Yes,Yes
167,Ortensia,Gasken,ogasken4m@tinyurl.com,Female,single,Yes,No,No
168,Annecorinne,Gallelli,agallelli4n@zdnet.com,Female,married,Yes,Yes,No
169,Andrej,Rudall,arudall4o@cocolog-nifty.com,Male,single,Yes,No,Yes
170,Lizbeth,Haselden,lhaselden4p@vistaprint.com,Female,single,Yes,No,Yes
171,Fiann,Jimeno,fjimeno4q@house.gov,Polygender,single,Yes,Yes,Yes
172,Hinze,Congreve,hcongreve4r@domainmarket.com,Genderqueer,single,No,No,No
173,Gerta,Mackerel,gmackerel4s@about.com,Female,separated,Yes,Yes,No
174,Wylma,Cockrem,wcockrem4t@netlog.com,Female,separated,Yes,No,No
175,Horacio,Van Brug,hvanbrug4u@deliciousdays.com,Male,separated,Yes,Yes,Yes
176,Lenora,Oxbury,loxbury4v@biblegateway.com,Female,single,No,Yes,No
177,Pauli,Ashburner,pashburner4w@pagesperso-orange.fr,Female,separated,Yes,No,No
178,Brendan,Waldren,bwaldren4x@fastcompany.com,Male,separated,No,No,Yes
179,Gun,Roocroft,groocroft4y@ning.com,Male,divorced,No,No,No
180,Wenonah,Shannahan,wshannahan4z@hexun.com,Female,divorced,No,Yes,Yes
181,Jonathon,Prettyman,jprettyman50@slate.com,Male,married,Yes,No,No
182,Odele,Warrillow,owarrillow51@icio.us,Female,divorced,Yes,Yes,Yes
183,Meris,Craighead,mcraighead52@tuttocitta.it,Polygender,single,Yes,No,Yes
184,Dru,Mote,dmote53@ifeng.com,Agender,separated,No,No,Yes
185,Nalani,Singh,nsingh54@simplemachines.org,Female,married,Yes,Yes,No
186,Andreas,Hiscoke,ahiscoke55@china.com.cn,Male,married,Yes,Yes,Yes
187,Sara-ann,Simoes,ssimoes56@purevolume.com,Female,married,Yes,Yes,Yes
188,Zitella,Begent,zbegent57@imageshack.us,Female,separated,Yes,No,No
189,Loren,Bushel,lbushel58@hud.gov,Female,separated,Yes,Yes,No
190,Dur,Cronin,dcronin59@washington.edu,Male,separated,No,No,No
191,Gayelord,Eggleson,geggleson5a@ucoz.com,Male,married,Yes,No,Yes
192,Adolpho,Gillbey,agillbey5b@devhub.com,Male,separated,Yes,Yes,Yes
193,Bessy,Minter,bminter5c@yale.edu,Female,single,Yes,Yes,Yes
194,Karl,Gillino,kgillino5d@seesaa.net,Agender,married,No,No,Yes
195,Jen,Laterza,jlaterza5e@hugedomains.com,Female,single,Yes,No,No
196,Torie,Plesing,tplesing5f@google.nl,Agender,married,Yes,No,No
197,Trisha,Flowers,tflowers5g@sciencedaily.com,Female,single,No,Yes,Yes
198,Adriaens,Hamm,ahamm5h@mysql.com,Female,divorced,Yes,Yes,No
199,Dylan,Kennaway,dkennaway5i@sbwire.com,Male,divorced,Yes,Yes,No
200,Aundrea,Druitt,adruitt5j@domainmarket.com,Female,single,Yes,Yes,Yes
201,Nana,Bedell,nbedell5k@shop-pro.jp,Female,single,Yes,Yes,Yes
202,Jo,Dagon,jdagon5l@clickbank.net,Male,divorced,Yes,Yes,No
203,Lenci,Barnwill,lbarnwill5m@bloomberg.com,Male,single,No,Yes,No
204,Rene,Prickett,rprickett5n@wiley.com,Male,married,No,No,No
205,Laura,Pasmore,lpasmore5o@elpais.com,Female,separated,No,No,Yes
206,Lorianna,Habbin,lhabbin5p@apple.com,Female,married,Yes,Yes,No
207,Wendall,Briat,wbriat5q@godaddy.com,Male,separated,No,Yes,Yes
208,Reinold,Knoles,rknoles5r@cocolog-nifty.com,Male,divorced,Yes,Yes,Yes
209,Jacquelyn,Roland,jroland5s@multiply.com,Female,married,Yes,Yes,Yes
210,Rolland,Juggins,rjuggins5t@yahoo.com,Male,divorced,No,No,No
211,Fedora,Gaye,fgaye5u@thetimes.co.uk,Polygender,single,No,Yes,No
212,Glenden,Hulse,ghulse5v@4shared.com,Male,married,No,Yes,No
213,Zea,Walkingshaw,zwalkingshaw5w@ibm.com,Female,separated,Yes,No,Yes
214,Liz,Molden,lmolden5x@eepurl.com,Female,single,Yes,No,Yes
215,Adham,Dudgeon,adudgeon5y@wp.com,Male,separated,Yes,Yes,No
216,Pearle,Rigmand,prigmand5z@hubpages.com,Female,separated,Yes,No,No
217,Joela,Sagar,jsagar60@zdnet.com,Female,divorced,Yes,No,Yes
218,Batsheva,Baistow,bbaistow61@tamu.edu,Female,married,No,No,Yes
219,Zacherie,Anstee,zanstee62@amazonaws.com,Male,single,Yes,No,No
220,Nadiya,Eilhermann,neilhermann63@plala.or.jp,Female,divorced,No,Yes,Yes
221,Ebeneser,Chaney,echaney64@bloglovin.com,Male,divorced,Yes,No,Yes
222,Anderson,Christoffels,achristoffels65@istockphoto.com,Male,separated,No,Yes,No
223,Vivianne,Ambrosoni,vambrosoni66@vimeo.com,Female,divorced,No,No,No
224,Sanson,Ayce,sayce67@ning.com,Male,divorced,No,No,No
225,Rockey,Hartburn,rhartburn68@shinystat.com,Male,divorced,No,No,Yes
226,Valentine,Ashman,vashman69@meetup.com,Male,married,No,Yes,No
227,Brewer,Verman,bverman6a@prweb.com,Male,single,No,Yes,No
228,Rodie,Spraggs,rspraggs6b@liveinternet.ru,Female,separated,Yes,No,Yes
229,Vic,Abraham,vabraham6c@pinterest.com,Non-binary,single,Yes,No,Yes
230,Estelle,Blevin,eblevin6d@berkeley.edu,Female,divorced,No,Yes,Yes
231,Pierson,Constanza,pconstanza6e@netscape.com,Male,divorced,Yes,No,No
232,Taddeusz,Juzek,tjuzek6f@live.com,Male,divorced,No,No,No
233,Fidelia,Cattanach,fcattanach6g@techcrunch.com,Female,separated,Yes,Yes,Yes
234,Tandie,Doole,tdoole6h@engadget.com,Female,separated,No,No,Yes
235,Kylen,Fronzek,kfronzek6i@vk.com,Female,separated,No,Yes,No
236,Carmen,Brannigan,cbrannigan6j@cnn.com,Female,divorced,No,No,No
237,Sully,Stothard,sstothard6k@reference.com,Male,divorced,Yes,No,Yes
238,Jolee,Yeude,jyeude6l@gmpg.org,Female,separated,Yes,Yes,Yes
239,Esra,Markey,emarkey6m@dell.com,Male,divorced,Yes,No,No
240,Ive,Canto,icanto6n@cam.ac.uk,Male,single,Yes,No,Yes
241,Roseline,Klimkov,rklimkov6o@geocities.jp,Female,single,Yes,No,Yes
242,Thorstein,Bockler,tbockler6p@chron.com,Male,divorced,Yes,No,No
243,Ambrosio,Sinnott,asinnott6q@cnn.com,Male,married,Yes,Yes,No
244,Kennan,Jonas,kjonas6r@sourceforge.net,Male,divorced,No,No,Yes
245,Kaylil,Dennes,kdennes6s@gizmodo.com,Female,married,Yes,No,Yes
246,Willard,Wilfling,wwilfling6t@shinystat.com,Male,divorced,No,No,No
247,Shelly,MacGowan,smacgowan6u@cam.ac.uk,Female,married,Yes,Yes,No
248,Archer,Reuss,areuss6v@pcworld.com,Male,single,No,No,Yes
249,Eldin,Cardus,ecardus6w@1und1.de,Male,separated,Yes,Yes,Yes
250,Alyda,Scedall,ascedall6x@youku.com,Female,separated,Yes,Yes,No
251,Nahum,Penrith,npenrith6y@nhs.uk,Male,separated,Yes,No,No
252,Kingsley,Probart,kprobart6z@youtu.be,Male,single,Yes,Yes,Yes
253,Pace,Banck,pbanck70@buzzfeed.com,Male,separated,No,No,Yes
254,Madelon,Verson,mverson71@canalblog.com,Female,married,No,Yes,No
255,Maddy,Blakelock,mblakelock72@smugmug.com,Female,married,No,No,No
256,Killian,Glentworth,kglentworth73@jimdo.com,Male,divorced,Yes,No,Yes
257,Giacobo,Rainard,grainard74@google.fr,Male,single,Yes,No,Yes
258,Keeley,Weddeburn - Scrimgeour,kweddeburnscrimgeour75@dot.gov,Female,separated,Yes,Yes,No
259,Hallsy,Gaul,hgaul76@facebook.com,Male,separated,Yes,No,No
260,Prent,Schusterl,pschusterl77@hp.com,Agender,separated,Yes,No,Yes
261,Regina,Cockarill,rcockarill78@smh.com.au,Bigender,married,No,Yes,Yes
262,Elton,Petraitis,epetraitis79@creativecommons.org,Male,married,Yes,No,No
263,Kenon,Markie,kmarkie7a@bandcamp.com,Male,separated,No,Yes,No
264,Berget,Sture,bsture7b@mail.ru,Bigender,single,No,Yes,Yes
265,Jessie,Deakan,jdeakan7c@mapquest.com,Male,divorced,Yes,Yes,No
266,Ricca,Bevis,rbevis7d@xinhuanet.com,Female,married,Yes,No,No
267,Terrie,Wiffler,twiffler7e@dailymail.co.uk,Female,single,Yes,Yes,No
268,Gates,Alwood,galwood7f@biblegateway.com,Female,single,No,Yes,Yes
269,Avril,Ghidelli,aghidelli7g@discuz.net,Female,divorced,Yes,No,Yes
270,Zolly,Narrie,znarrie7h@oaic.gov.au,Male,divorced,Yes,Yes,No
271,Ringo,Jancar,rjancar7i@fastcompany.com,Male,single,Yes,Yes,Yes
272,Tiphani,Cosson,tcosson7j@networkadvertising.org,Agender,separated,Yes,No,No
273,Stillmann,Carbin,scarbin7k@pbs.org,Male,single,No,Yes,No
274,Barry,Turn,bturn7l@altervista.org,Male,separated,Yes,Yes,Yes
275,Shaine,Tonnesen,stonnesen7m@tinypic.com,Female,single,Yes,Yes,No
276,Dani,Polycote,dpolycote7n@ted.com,Female,separated,Yes,Yes,Yes
277,Sarajane,Spaven,sspaven7o@twitpic.com,Genderfluid,married,Yes,Yes,Yes
278,Ginny,Twidell,gtwidell7p@jimdo.com,Agender,divorced,Yes,Yes,No
279,Elana,McCarly,emccarly7q@tripod.com,Female,separated,Yes,Yes,No
280,Tabby,Machen,tmachen7r@hexun.com,Male,single,Yes,Yes,No
281,Jeffie,Stutter,jstutter7s@chron.com,Male,divorced,No,No,Yes
282,Wallie,Larkins,wlarkins7t@yandex.ru,Agender,separated,No,No,Yes
283,Grover,Maxwaile,gmaxwaile7u@prnewswire.com,Male,married,Yes,No,Yes
284,Carroll,Gerriessen,cgerriessen7v@merriam-webster.com,Male,married,Yes,No,Yes
285,Elizabeth,MacNelly,emacnelly7w@symantec.com,Female,married,Yes,No,No
286,Saleem,Tindle,stindle7x@seesaa.net,Male,married,Yes,Yes,Yes
287,Farrell,Hyndson,fhyndson7y@cornell.edu,Bigender,married,Yes,No,Yes
288,Theressa,MacGow,tmacgow7z@google.com.au,Female,married,Yes,Yes,No
289,Rene,Huyton,rhuyton80@bloglovin.com,Female,married,No,Yes,No
290,Henrieta,Skeemor,hskeemor81@w3.org,Female,single,Yes,Yes,No
291,Saidee,Deas,sdeas82@google.com.hk,Female,single,Yes,No,Yes
292,Briant,Pentony,bpentony83@naver.com,Male,single,Yes,Yes,Yes
293,Constantine,Craigie,ccraigie84@sbwire.com,Genderqueer,divorced,Yes,Yes,No
294,Georgiana,Bartelet,gbartelet85@state.tx.us,Female,separated,No,Yes,No
295,Ally,Fumagalli,afumagalli86@joomla.org,Female,single,Yes,Yes,No
296,Merilee,Wanstall,mwanstall87@utexas.edu,Female,divorced,Yes,No,Yes
297,Shawnee,Pietri,spietri88@tinyurl.com,Female,divorced,Yes,Yes,No
298,Lana,Splaven,lsplaven89@chronoengine.com,Female,married,No,Yes,Yes
299,Loralee,Parvin,lparvin8a@tmall.com,Female,separated,Yes,No,No
300,Mariele,Roches,mroches8b@auda.org.au,Genderqueer,single,Yes,No,No
301,Samuele,Stoneham,sstoneham8c@phoca.cz,Male,single,No,No,Yes
302,Urban,Buttel,ubuttel8d@wufoo.com,Male,divorced,Yes,No,No
303,Rhys,Bread,rbread8e@livejournal.com,Non-binary,divorced,Yes,Yes,No
304,Shelly,Dinsey,sdinsey8f@bloglines.com,Non-binary,single,Yes,Yes,Yes
305,Vito,Grove,vgrove8g@g.co,Male,married,Yes,No,Yes
306,Piper,Davie,pdavie8h@ibm.com,Female,single,Yes,Yes,No
307,Nita,Hunter,nhunter8i@sun.com,Female,separated,No,No,Yes
308,Karlen,Reilingen,kreilingen8j@sakura.ne.jp,Female,married,Yes,Yes,No
309,Cullin,Feldon,cfeldon8k@army.mil,Male,single,No,No,Yes
310,Corilla,Pellew,cpellew8l@prweb.com,Genderqueer,divorced,Yes,No,No
311,Herrick,Manktelow,hmanktelow8m@cpanel.net,Non-binary,divorced,No,No,No
312,Rhody,Anthonsen,ranthonsen8n@baidu.com,Female,married,Yes,No,Yes
313,Tailor,Bezley,tbezley8o@google.co.uk,Male,separated,Yes,Yes,Yes
314,Phil,Guion,pguion8p@state.gov,Female,divorced,No,Yes,Yes
315,Zelda,Maryman,zmaryman8q@domainmarket.com,Female,divorced,Yes,No,Yes
316,Manya,Ishak,mishak8r@canalblog.com,Female,divorced,Yes,No,Yes
317,Douglas,Brigden,dbrigden8s@jalbum.net,Male,married,No,Yes,No
318,Carly,Farrin,cfarrin8t@symantec.com,Male,single,No,Yes,Yes
319,Rebecca,Fritschel,rfritschel8u@ycombinator.com,Female,single,Yes,No,Yes
320,Horten,Bisseker,hbisseker8v@examiner.com,Male,separated,Yes,No,Yes
321,Calv,Siaspinski,csiaspinski8w@hc360.com,Male,separated,Yes,Yes,No
322,Derward,Routley,droutley8x@sfgate.com,Polygender,single,No,No,No
323,Shani,Taffee,staffee8y@nationalgeographic.com,Female,divorced,No,Yes,Yes
324,Inesita,Bailes,ibailes8z@amazon.co.uk,Female,married,No,Yes,Yes
325,Happy,Dymond,hdymond90@diigo.com,Female,separated,No,Yes,Yes
326,Shandeigh,Collerd,scollerd91@diigo.com,Female,divorced,Yes,No,No
327,Elisha,Yosevitz,eyosevitz92@dropbox.com,Male,married,No,Yes,No
328,Arther,Lobb,alobb93@1688.com,Male,married,Yes,No,Yes
329,Nerty,Horsfield,nhorsfield94@gnu.org,Female,divorced,No,No,No
330,Carmencita,Greenless,cgreenless95@weibo.com,Female,separated,No,No,Yes
331,Jennifer,Shovelbottom,jshovelbottom96@google.pl,Female,single,Yes,Yes,Yes
332,Roselin,Stearne,rstearne97@instagram.com,Female,married,No,Yes,Yes
333,Garrard,Rignoldes,grignoldes98@purevolume.com,Male,married,Yes,Yes,Yes
334,Nicole,Sager,nsager99@google.pl,Female,separated,Yes,Yes,Yes
335,Gonzalo,Gilhoolie,ggilhoolie9a@homestead.com,Male,married,No,No,No
336,Tremayne,Osgerby,tosgerby9b@tamu.edu,Bigender,separated,Yes,No,Yes
337,Connor,Bromfield,cbromfield9c@netlog.com,Male,divorced,Yes,Yes,No
338,Felicio,Paule,fpaule9d@google.com,Male,single,Yes,Yes,Yes
339,Lyn,Blucher,lblucher9e@arizona.edu,Male,single,No,Yes,No
340,Cristal,Spikins,cspikins9f@bigcartel.com,Non-binary,divorced,Yes,Yes,Yes
341,Montgomery,Melmeth,mmelmeth9g@sciencedaily.com,Male,single,Yes,No,Yes
342,Terese,Glenister,tglenister9h@discuz.net,Female,divorced,Yes,Yes,No
343,Merl,Librey,mlibrey9i@sakura.ne.jp,Female,separated,No,Yes,No
344,Jennee,Justice,jjustice9j@va.gov,Female,separated,No,Yes,No
345,Silvanus,Boffin,sboffin9k@marketwatch.com,Male,single,No,No,No
346,Geri,Chalfain,gchalfain9l@yandex.ru,Male,married,Yes,Yes,No
347,Peter,Shevell,pshevell9m@forbes.com,Male,separated,No,No,No
348,Bettye,Skells,bskells9n@yellowpages.com,Female,divorced,No,No,Yes
349,Efren,Antal,eantal9o@cloudflare.com,Male,divorced,No,Yes,Yes
350,Ianthe,Longlands,ilonglands9p@whitehouse.gov,Female,single,No,Yes,No
351,Myrvyn,Sicily,msicily9q@gizmodo.com,Male,divorced,Yes,No,No
352,Rebbecca,Tarren,rtarren9r@xing.com,Female,separated,No,No,No
353,Dennie,Stagg,dstagg9s@elegantthemes.com,Male,separated,No,No,Yes
354,Merrili,Gerler,mgerler9t@pcworld.com,Female,separated,Yes,Yes,No
355,Duky,Kiddie,dkiddie9u@storify.com,Male,divorced,Yes,No,Yes
356,Graham,Towl,gtowl9v@pbs.org,Male,single,Yes,No,No
357,Nelle,Bresner,nbresner9w@about.me,Female,married,Yes,No,No
358,Georgeanne,Renzo,grenzo9x@altervista.org,Female,separated,Yes,No,Yes
359,Carl,Ead,cead9y@parallels.com,Male,divorced,No,No,Yes
360,Constantino,Estick,cestick9z@istockphoto.com,Male,divorced,Yes,No,No
361,Tracie,Lehrmann,tlehrmanna0@tiny.cc,Male,separated,Yes,Yes,No
362,Abbe,Trundle,atrundlea1@google.cn,Female,single,Yes,Yes,No
363,Katleen,Beynke,kbeynkea2@gravatar.com,Female,single,Yes,Yes,No
364,Brunhilda,Pothbury,bpothburya3@jigsy.com,Female,divorced,No,No,Yes
365,Ty,Speaks,tspeaksa4@oracle.com,Male,divorced,No,No,No
366,Aeriela,Ayton,aaytona5@unc.edu,Female,separated,Yes,Yes,Yes
367,Gillian,Laurenty,glaurentya6@yandex.ru,Female,separated,No,Yes,No
368,Lyell,Duester,lduestera7@ucoz.ru,Male,married,No,Yes,No
369,Layton,Goadsby,lgoadsbya8@google.es,Male,separated,No,Yes,No
370,Georgie,Liley,glileya9@ucla.edu,Male,divorced,No,Yes,Yes
371,Deeyn,Jakubovicz,djakuboviczaa@sina.com.cn,Non-binary,divorced,No,No,Yes
372,Lou,Shakespeare,lshakespeareab@a8.net,Female,single,Yes,No,No
373,Jermayne,Cottell,jcottellac@1und1.de,Male,separated,Yes,No,No
374,Karlotta,Cardenosa,kcardenosaad@smh.com.au,Female,divorced,No,Yes,Yes
375,Maximilian,Wallage,mwallageae@naver.com,Male,married,No,Yes,No
376,Stearn,Lorden,slordenaf@europa.eu,Male,divorced,Yes,No,No
377,Gale,Quilleash,gquilleashag@state.tx.us,Male,married,No,No,No
378,Flinn,Longmire,flongmireah@360.cn,Male,married,No,No,Yes
379,Kissie,Sallis,ksallisai@biblegateway.com,Female,divorced,Yes,No,No
380,Mikkel,Cully,mcullyaj@google.com.hk,Male,divorced,No,Yes,Yes
381,Sharleen,Stoffel,sstoffelak@sakura.ne.jp,Female,divorced,Yes,Yes,No
382,Laurie,McCook,lmccookal@hud.gov,Female,separated,Yes,No,Yes
383,Goldia,Heild,gheildam@taobao.com,Female,separated,No,No,Yes
384,Berkley,Condict,bcondictan@icq.com,Male,separated,No,No,No
385,Lily,Iuorio,liuorioao@artisteer.com,Female,married,No,Yes,No
386,Basilio,Itzchaki,bitzchakiap@mozilla.com,Male,married,No,Yes,Yes
387,Lorelle,Sutherden,lsutherdenaq@ted.com,Female,divorced,Yes,Yes,Yes
388,Kerrill,Attawell,kattawellar@typepad.com,Female,married,Yes,No,Yes
389,Denni,Skahill,dskahillas@sina.com.cn,Female,married,Yes,Yes,No
390,Layton,Pettus,lpettusat@alexa.com,Male,married,Yes,Yes,No
391,Isis,Lidgate,ilidgateau@pen.io,Female,married,Yes,Yes,No
392,Cordy,Fenemore,cfenemoreav@virginia.edu,Male,divorced,No,Yes,No
393,Piggy,Brusle,pbrusleaw@vistaprint.com,Male,separated,Yes,No,Yes
394,Kikelia,Alessandrelli,kalessandrelliax@howstuffworks.com,Non-binary,married,Yes,Yes,Yes
395,Lorena,Bilton,lbiltonay@noaa.gov,Female,separated,No,Yes,No
396,Tine,Bish,tbishaz@mozilla.org,Female,separated,No,No,No
397,Olenka,Longshaw,olongshawb0@zimbio.com,Female,single,Yes,No,Yes
398,Brian,Ludwig,bludwigb1@plala.or.jp,Male,divorced,Yes,No,Yes
399,Janifer,Stutard,jstutardb2@angelfire.com,Female,single,No,Yes,Yes
400,Mervin,Jacquot,mjacquotb3@pbs.org,Male,divorced,No,No,No
401,Sunny,Riseborough,sriseboroughb4@uol.com.br,Female,separated,Yes,Yes,Yes
402,Gareth,Arundell,garundellb5@thetimes.co.uk,Male,separated,No,Yes,No
403,Pernell,Moors,pmoorsb6@prweb.com,Male,single,No,Yes,No
404,Nicki,Nevin,nnevinb7@ehow.com,Female,single,No,No,No
405,Natalya,Fraanchyonok,nfraanchyonokb8@mysql.com,Female,single,No,No,Yes
406,Reade,McCooke,rmccookeb9@bloglovin.com,Non-binary,divorced,No,No,No
407,Melvyn,Teasell,mteasellba@xinhuanet.com,Male,single,No,No,Yes
408,Adair,Egan,aeganbb@npr.org,Male,single,No,No,No
409,Martita,Gloyens,mgloyensbc@bizjournals.com,Female,single,Yes,No,No
410,Leonardo,Dooney,ldooneybd@rediff.com,Male,separated,Yes,Yes,Yes
411,Granville,Windley,gwindleybe@wired.com,Male,separated,Yes,Yes,Yes
412,Mathian,Hagstone,mhagstonebf@unc.edu,Male,married,Yes,No,Yes
413,Martie,Woodman,mwoodmanbg@stumbleupon.com,Male,married,Yes,Yes,No
414,Aubry,Breedy,abreedybh@hc360.com,Female,single,Yes,Yes,No
415,Annabelle,Stathers,astathersbi@oaic.gov.au,Female,separated,Yes,No,No
416,Josias,Kingman,jkingmanbj@plala.or.jp,Male,separated,No,No,No
417,Bruce,Wearing,bwearingbk@statcounter.com,Male,married,No,Yes,No
418,Martin,Blitzer,mblitzerbl@hhs.gov,Male,divorced,No,Yes,Yes
419,Yardley,Nibley,ynibleybm@163.com,Male,married,No,No,Yes
420,Malissia,Huzzey,mhuzzeybn@rambler.ru,Female,married,No,No,No
421,Eliot,Fraczak,efraczakbo@ed.gov,Agender,married,Yes,No,No
422,Salome,Elsip,selsipbp@huffingtonpost.com,Female,single,No,Yes,No
423,Estevan,Arkle,earklebq@instagram.com,Male,single,Yes,No,No
424,Antons,Longina,alonginabr@smh.com.au,Male,married,Yes,No,No
425,Alix,Yardley,ayardleybs@usa.gov,Polygender,divorced,Yes,Yes,No
426,Lenora,Harnett,lharnettbt@nasa.gov,Female,married,No,No,No
427,Mollee,Statton,mstattonbu@slashdot.org,Female,single,No,Yes,No
428,Shane,Victoria,svictoriabv@so-net.ne.jp,Female,divorced,Yes,No,No
429,Aeriel,Boodell,aboodellbw@seattletimes.com,Female,married,Yes,No,Yes
430,Fawne,Jorry,fjorrybx@go.com,Female,divorced,No,Yes,Yes
431,Roger,Mullins,rmullinsby@rediff.com,Male,divorced,Yes,Yes,No
432,Temp,Hammell,thammellbz@ifeng.com,Male,separated,No,Yes,No
433,Flemming,Goodsall,fgoodsallc0@printfriendly.com,Male,married,Yes,No,Yes
434,Mitchell,Louden,mloudenc1@cbc.ca,Male,married,No,Yes,No
435,Theresa,Crowne,tcrownec2@icq.com,Genderqueer,separated,No,No,Yes
436,Maurie,Beetles,mbeetlesc3@adobe.com,Male,divorced,Yes,Yes,Yes
437,Griffin,Tennewell,gtennewellc4@skype.com,Polygender,divorced,No,Yes,No
438,Fleurette,Pretious,fpretiousc5@usa.gov,Female,single,No,Yes,Yes
439,Shanon,Phlippi,sphlippic6@washington.edu,Female,divorced,No,Yes,Yes
440,Torrey,Oehme,toehmec7@opera.com,Male,divorced,No,Yes,Yes
441,Ellswerth,Spawton,espawtonc8@usnews.com,Male,separated,Yes,No,No
442,Merry,Gellately,mgellatelyc9@weebly.com,Female,single,Yes,No,Yes
443,Annaliese,Tallent,atallentca@google.com.au,Female,separated,Yes,Yes,Yes
444,Atlanta,Standidge,astandidgecb@joomla.org,Female,single,No,Yes,Yes
445,Sherwin,Dowbiggin,sdowbiggincc@usnews.com,Male,single,No,Yes,No
446,Jacklyn,Moreinis,jmoreiniscd@ask.com,Female,divorced,No,Yes,Yes
447,Jerome,Blundon,jblundonce@theatlantic.com,Male,divorced,No,No,Yes
448,Rene,Whiteman,rwhitemancf@sakura.ne.jp,Male,married,Yes,No,No
449,Roland,Di Antonio,rdiantoniocg@merriam-webster.com,Male,divorced,Yes,Yes,Yes
450,Auberon,Pentony,apentonych@japanpost.jp,Male,married,No,Yes,No
451,Ripley,Paolacci,rpaolaccici@dailymail.co.uk,Male,single,Yes,Yes,Yes
452,Bondon,Vasyushkhin,bvasyushkhincj@google.com.hk,Polygender,married,No,Yes,No
453,Darsie,Jeffes,djeffesck@economist.com,Female,married,Yes,Yes,Yes
454,Kesley,Saltsberger,ksaltsbergercl@rakuten.co.jp,Female,divorced,Yes,No,No
455,Sosanna,Blazdell,sblazdellcm@stanford.edu,Female,separated,No,No,No
456,Pam,Ervine,pervinecn@storify.com,Female,married,No,No,Yes
457,Adam,Berks,aberksco@mashable.com,Genderqueer,single,No,No,Yes
458,Parrnell,Watters,pwatterscp@behance.net,Male,separated,No,No,Yes
459,Orran,Zeplin,ozeplincq@de.vu,Male,separated,Yes,Yes,Yes
460,Waylin,Braddick,wbraddickcr@bbc.co.uk,Male,married,No,No,Yes
461,Temple,Aspey,taspeycs@jalbum.net,Male,divorced,No,No,Yes
462,Briant,Arnatt,barnattct@example.com,Male,separated,Yes,Yes,Yes
463,Sukey,Ashingden,sashingdencu@shutterfly.com,Female,single,No,No,Yes
464,Ellis,Amberson,eambersoncv@w3.org,Male,separated,Yes,Yes,Yes
465,Robenia,Markie,rmarkiecw@tiny.cc,Female,married,Yes,No,No
466,Jessie,Scupham,jscuphamcx@state.gov,Female,married,No,No,No
467,Jenna,Siviter,jsivitercy@hhs.gov,Female,divorced,No,Yes,Yes
468,Georas,Duigenan,gduigenancz@samsung.com,Male,single,No,No,Yes
469,Nathanial,McCarron,nmccarrond0@narod.ru,Male,married,No,Yes,Yes
470,Alfred,Yve,ayved1@imageshack.us,Male,married,No,Yes,Yes
471,Morganica,Bourbon,mbourbond2@omniture.com,Female,separated,Yes,No,Yes
472,Mandel,Zimmermeister,mzimmermeisterd3@google.com.hk,Male,divorced,Yes,Yes,No
473,Fitzgerald,Sorensen,fsorensend4@techcrunch.com,Male,married,Yes,No,Yes
474,Diena,Eakeley,deakeleyd5@smh.com.au,Female,separated,No,No,No
475,Jeana,Gotthard,jgotthardd6@yahoo.co.jp,Female,separated,Yes,No,Yes
476,Leelah,Thorndycraft,lthorndycraftd7@networksolutions.com,Genderfluid,single,Yes,No,No
477,Jana,Van den Velden,jvandenveldend8@ca.gov,Female,married,Yes,No,No
478,Sergeant,Sivyer,ssivyerd9@omniture.com,Male,separated,Yes,No,No
479,Dorothee,Gretton,dgrettonda@phoca.cz,Female,divorced,Yes,Yes,No
480,Ellette,Bunker,ebunkerdb@indiegogo.com,Female,single,No,No,Yes
481,Mortimer,Aggs,maggsdc@imageshack.us,Male,married,Yes,No,No
482,Blaine,Berridge,bberridgedd@engadget.com,Male,separated,Yes,Yes,Yes
483,Briggs,Briamo,bbriamode@bigcartel.com,Male,married,Yes,Yes,Yes
484,Urson,Libri,ulibridf@hibu.com,Male,married,No,No,No
485,Chandra,Sorrie,csorriedg@pen.io,Female,married,No,No,Yes
486,Winfield,Disbrey,wdisbreydh@sitemeter.com,Male,married,No,No,No
487,Aloysius,Densumbe,adensumbedi@godaddy.com,Male,separated,No,Yes,Yes
488,Emmie,Goodley,egoodleydj@oakley.com,Female,divorced,Yes,No,Yes
489,Averill,Schusterl,aschusterldk@surveymonkey.com,Male,divorced,No,No,No
490,Chrissie,Larcier,clarcierdl@dagondesign.com,Female,married,No,Yes,Yes
491,Fraze,Mould,fmoulddm@qq.com,Male,married,No,Yes,Yes
492,Felicio,Rosengart,frosengartdn@cyberchimps.com,Male,divorced,No,Yes,Yes
493,Georgeta,Leetham,gleethamdo@bloglovin.com,Female,separated,Yes,No,Yes
494,Zora,Vasquez,zvasquezdp@aboutads.info,Female,single,Yes,Yes,No
495,Sutherlan,Bryett,sbryettdq@last.fm,Male,separated,Yes,Yes,No
496,Carrol,Bonhill,cbonhilldr@smugmug.com,Male,married,Yes,No,Yes
497,Wilmer,Khosa,wkhosads@reverbnation.com,Male,separated,No,Yes,Yes
498,Hazel,McLernon,hmclernondt@vimeo.com,Male,separated,No,Yes,No
499,Kelvin,Yacobsohn,kyacobsohndu@google.fr,Non-binary,single,Yes,No,No
500,Kiley,Whyborn,kwhyborndv@cafepress.com,Female,divorced,Yes,Yes,Yes
501,Georgie,Smitton,gsmittondw@furl.net,Male,married,Yes,No,No
502,Jeremias,Kincade,jkincadedx@indiatimes.com,Male,separated,No,No,Yes
503,Benedict,Juan,bjuandy@weibo.com,Male,divorced,No,No,No
504,Starlin,Menchenton,smenchentondz@hugedomains.com,Genderfluid,divorced,Yes,No,Yes
505,Jarrett,Mowsdill,jmowsdille0@forbes.com,Agender,divorced,Yes,Yes,Yes
506,Siouxie,Binner,sbinnere1@last.fm,Female,single,No,No,No
507,Helli,Urwin,hurwine2@e-recht24.de,Female,separated,No,Yes,No
508,Letitia,Moisey,lmoiseye3@nytimes.com,Female,single,No,No,Yes
509,Phylys,Oxbrough,poxbroughe4@npr.org,Bigender,separated,No,Yes,Yes
510,Lenora,Burnie,lburniee5@aol.com,Female,separated,Yes,No,Yes
511,Micheal,Creenan,mcreenane6@earthlink.net,Male,married,No,No,Yes
512,Henrie,Kobierra,hkobierrae7@soup.io,Female,single,No,Yes,Yes
513,Hebert,Rives,hrivese8@163.com,Male,single,Yes,No,No
514,Spike,Revening,sreveninge9@ow.ly,Male,separated,Yes,Yes,Yes
515,Mara,Diment,mdimentea@cafepress.com,Female,separated,No,No,No
516,Eberto,Rumbold,erumboldeb@clickbank.net,Male,divorced,Yes,No,No
517,Beulah,Simson,bsimsonec@ucla.edu,Female,divorced,Yes,Yes,No
518,Bjorn,Collaton,bcollatoned@redcross.org,Male,divorced,No,Yes,Yes
519,Merissa,Salkild,msalkildee@scribd.com,Genderfluid,divorced,No,No,Yes
520,Gayel,Attride,gattrideef@sogou.com,Female,single,No,No,Yes
521,Thom,Feitosa,tfeitosaeg@globo.com,Male,divorced,Yes,No,No
522,Mordecai,Elverstone,melverstoneeh@blogs.com,Polygender,single,No,No,No
523,Matty,Puttrell,mputtrellei@scientificamerican.com,Female,single,Yes,No,Yes
524,Krystalle,Jedrzejczak,kjedrzejczakej@oakley.com,Female,single,No,No,No
525,Rolph,Rodson,rrodsonek@mozilla.com,Male,divorced,No,Yes,No
526,Wolfie,Denidge,wdenidgeel@auda.org.au,Male,married,No,No,No
527,Adelheid,Feldbrin,afeldbrinem@stanford.edu,Female,married,Yes,Yes,No
528,Lionello,Danahar,ldanaharen@sakura.ne.jp,Male,divorced,Yes,No,No
529,Clarette,Aikman,caikmaneo@newsvine.com,Genderfluid,married,No,Yes,Yes
530,Flory,Duplain,fduplainep@army.mil,Male,divorced,Yes,Yes,No
531,Lazaro,Redmile,lredmileeq@tinyurl.com,Male,separated,Yes,No,No
532,Arnuad,Haacker,ahaackerer@twitpic.com,Male,separated,No,Yes,Yes
533,Lynn,Shekle,lsheklees@aboutads.info,Female,single,No,No,No
534,Phoebe,Fooks,pfookset@shareasale.com,Polygender,single,No,No,No
535,Lyndell,Chong,lchongeu@amazonaws.com,Female,single,Yes,Yes,No
536,Kelbee,Britee,kbriteeev@twitter.com,Male,separated,No,No,No
537,Linnell,Gristhwaite,lgristhwaiteew@redcross.org,Female,separated,No,Yes,No
538,Cort,Ralls,crallsex@trellian.com,Male,separated,No,No,No
539,Denni,Schrieves,dschrievesey@nationalgeographic.com,Female,divorced,Yes,Yes,No
540,Koenraad,Liggens,kliggensez@macromedia.com,Male,married,No,No,Yes
541,Samuel,Burtwhistle,sburtwhistlef0@scribd.com,Male,single,No,Yes,Yes
542,Heinrick,Blance,hblancef1@scientificamerican.com,Male,divorced,No,Yes,Yes
543,Grethel,Yakunkin,gyakunkinf2@phoca.cz,Female,married,No,Yes,Yes
544,Fionnula,Ferrelli,fferrellif3@tripod.com,Female,divorced,Yes,Yes,Yes
545,Wolfie,Gravell,wgravellf4@google.pl,Male,separated,Yes,No,No
546,Ardelis,Wrigley,awrigleyf5@bbb.org,Female,single,Yes,No,Yes
547,Dicky,Bumby,dbumbyf6@scribd.com,Male,married,No,No,No
548,Alden,Ragbourne,aragbournef7@cmu.edu,Male,divorced,No,Yes,Yes
549,Rebekkah,Tenaunt,rtenauntf8@devhub.com,Female,separated,No,Yes,No
550,Lynett,Allington,lallingtonf9@wisc.edu,Female,single,Yes,No,Yes
551,Loleta,Ferrillo,lferrillofa@economist.com,Female,separated,Yes,No,Yes
552,Adam,Joslow,ajoslowfb@mediafire.com,Male,separated,No,No,No
553,Bertina,Bingley,bbingleyfc@spotify.com,Female,single,No,No,No
554,Rosie,Buddock,rbuddockfd@wiley.com,Agender,single,Yes,No,Yes
555,Pet,Abrehart,pabrehartfe@constantcontact.com,Female,separated,Yes,No,No
556,Leigh,Schott,lschottff@jugem.jp,Male,married,No,No,Yes
557,Flory,Gravatt,fgravattfg@mapquest.com,Male,single,No,Yes,No
558,Rollin,Awty,rawtyfh@spotify.com,Male,married,Yes,Yes,Yes
559,Belva,Idell,bidellfi@cpanel.net,Female,divorced,Yes,No,Yes
560,Roz,McIlraith,rmcilraithfj@canalblog.com,Female,married,Yes,Yes,No
561,Constanta,Walesa,cwalesafk@imdb.com,Female,married,Yes,No,No
562,Madelyn,Obray,mobrayfl@kickstarter.com,Female,divorced,No,No,Yes
563,Kelcie,Coslitt,kcoslittfm@scientificamerican.com,Female,divorced,No,No,Yes
564,Rodolph,L' Anglois,rlangloisfn@seattletimes.com,Male,divorced,Yes,Yes,No
565,Gaven,Honisch,ghonischfo@yahoo.co.jp,Male,single,No,Yes,Yes
566,Lisette,Yannoni,lyannonifp@foxnews.com,Female,married,Yes,No,No
567,Olivero,Cowperthwaite,ocowperthwaitefq@imgur.com,Agender,single,No,No,Yes
568,Maynord,Parradye,mparradyefr@acquirethisname.com,Male,married,No,No,Yes
569,Laina,Bruck,lbruckfs@github.com,Female,divorced,Yes,Yes,No
570,Billy,Kalkofer,bkalkoferft@oaic.gov.au,Bigender,divorced,No,No,Yes
571,Obadias,Bernardotte,obernardottefu@tmall.com,Male,divorced,Yes,Yes,Yes
572,Augusto,Paliser,apaliserfv@nifty.com,Male,divorced,No,Yes,No
573,Louise,Sheehan,lsheehanfw@cornell.edu,Female,divorced,Yes,No,Yes
574,Maximilian,Sargison,msargisonfx@geocities.jp,Male,divorced,No,No,Yes
575,Isadore,Ricson,iricsonfy@mayoclinic.com,Male,separated,No,No,Yes
576,Terri,Melding,tmeldingfz@bandcamp.com,Male,divorced,No,Yes,Yes
577,Gibb,Ponnsett,gponnsettg0@examiner.com,Male,divorced,No,Yes,No
578,Hube,Povey,hpoveyg1@disqus.com,Male,divorced,No,Yes,No
579,Vida,Chazelle,vchazelleg2@indiegogo.com,Genderfluid,single,No,No,No
580,Charil,McCandie,cmccandieg3@census.gov,Female,single,Yes,No,Yes
581,Claretta,Corday,ccordayg4@histats.com,Female,divorced,No,Yes,No
582,Mitzi,McCard,mmccardg5@cisco.com,Female,separated,No,No,Yes
583,Ashlee,Jacobsen,ajacobseng6@ebay.co.uk,Female,divorced,Yes,No,No
584,Astrid,Burgoine,aburgoineg7@home.pl,Female,divorced,Yes,No,No
585,Judon,Sorrie,jsorrieg8@bloglines.com,Agender,single,No,No,No
586,Albertina,Bloomfield,abloomfieldg9@msu.edu,Female,divorced,Yes,Yes,Yes
587,Alphonso,Bennell,abennellga@kickstarter.com,Male,married,No,No,No
588,Carmela,Hartman,chartmangb@sfgate.com,Female,married,Yes,No,No
589,Alida,Claessens,aclaessensgc@marriott.com,Genderqueer,divorced,No,Yes,Yes
590,Mikel,Hardington,mhardingtongd@sciencedaily.com,Male,single,Yes,Yes,Yes
591,Fedora,Grishechkin,fgrishechkinge@4shared.com,Non-binary,single,No,No,No
592,Dianna,Betteson,dbettesongf@bravesites.com,Genderqueer,divorced,No,Yes,Yes
593,Emerson,Kimbley,ekimbleygg@theguardian.com,Male,divorced,Yes,No,No
594,Miner,Riccioppo,mriccioppogh@zimbio.com,Genderqueer,married,No,No,Yes
595,Tracy,Swidenbank,tswidenbankgi@shinystat.com,Female,married,No,Yes,Yes
596,Alexandra,MacAllester,amacallestergj@shop-pro.jp,Female,separated,No,No,No
597,Mordecai,Blowin,mblowingk@opensource.org,Male,single,No,No,No
598,Silvain,Rillstone,srillstonegl@vk.com,Male,separated,No,Yes,No
599,Dionisio,Thunnercliff,dthunnercliffgm@timesonline.co.uk,Male,separated,No,No,No
600,Amye,Flockhart,aflockhartgn@guardian.co.uk,Female,married,Yes,No,No
601,Anastasia,Bothwell,abothwellgo@hatena.ne.jp,Female,separated,Yes,No,Yes
602,Armin,Yeates,ayeatesgp@ucoz.com,Male,married,No,No,Yes
603,Clarice,Livingston,clivingstongq@chicagotribune.com,Female,divorced,No,Yes,No
604,Yolane,Braybrookes,ybraybrookesgr@163.com,Polygender,single,No,Yes,Yes
605,Mame,Oakeshott,moakeshottgs@typepad.com,Female,single,No,Yes,No
606,Noelani,Brithman,nbrithmangt@netscape.com,Female,married,No,Yes,Yes
607,Karia,Pavlik,kpavlikgu@1688.com,Female,married,Yes,No,Yes
608,Jayme,Warsap,jwarsapgv@google.com.au,Female,single,No,No,No
609,Cami,Jerrold,cjerroldgw@businessinsider.com,Female,single,Yes,No,No
610,Catina,Sapena,csapenagx@admin.ch,Bigender,single,No,No,Yes
611,Earlie,Castells,ecastellsgy@bandcamp.com,Male,divorced,Yes,Yes,Yes
612,Yank,Titcomb,ytitcombgz@de.vu,Male,separated,Yes,Yes,No
613,Wilmer,Sexon,wsexonh0@adobe.com,Genderfluid,married,No,No,Yes
614,Dianna,Caine,dcaineh1@marketwatch.com,Female,single,No,Yes,No
615,Rafaela,Studman,rstudmanh2@japanpost.jp,Female,single,No,No,Yes
616,Hobie,Mongin,hmonginh3@rambler.ru,Male,divorced,No,Yes,No
617,Courtney,Ferrige,cferrigeh4@wiley.com,Female,divorced,No,Yes,Yes
618,Silva,Cleevely,scleevelyh5@gov.uk,Female,divorced,No,Yes,Yes
619,Dulce,Withers,dwithersh6@miitbeian.gov.cn,Female,divorced,No,No,No
620,Sibbie,Crowcroft,scrowcrofth7@ehow.com,Polygender,separated,No,No,No
621,Shelli,Cherry,scherryh8@prlog.org,Female,divorced,Yes,Yes,No
622,Starlene,Berggren,sberggrenh9@google.com.br,Female,divorced,No,Yes,No
623,Freda,Dumingo,fdumingoha@nytimes.com,Female,separated,No,Yes,No
624,Janna,Aisbett,jaisbetthb@utexas.edu,Female,separated,No,No,Yes
625,Elsinore,Raeside,eraesidehc@i2i.jp,Female,married,No,Yes,No
626,Clement,Luxton,cluxtonhd@bluehost.com,Male,single,Yes,Yes,No
627,Coreen,Dunbar,cdunbarhe@google.com.au,Female,married,Yes,Yes,No
628,Cassius,Cockitt,ccockitthf@pinterest.com,Male,separated,Yes,Yes,Yes
629,Alameda,Lapworth,alapworthhg@over-blog.com,Female,single,Yes,No,No
630,Leelah,Stollberger,lstollbergerhh@who.int,Female,divorced,No,No,Yes
631,Zackariah,Karpmann,zkarpmannhi@chron.com,Male,separated,No,No,No
632,Xenos,Craven,xcravenhj@guardian.co.uk,Male,married,No,Yes,Yes
633,Dolly,Adriano,dadrianohk@dion.ne.jp,Female,separated,No,No,No
634,Gloria,Grandham,ggrandhamhl@cnbc.com,Female,divorced,Yes,No,Yes
635,Anderson,Hunnaball,ahunnaballhm@go.com,Male,separated,Yes,Yes,Yes
636,Carmina,Dobbson,cdobbsonhn@hp.com,Female,single,No,Yes,Yes
637,Brigg,Lushey,blusheyho@irs.gov,Male,separated,Yes,Yes,Yes
638,Anton,Suston,asustonhp@rakuten.co.jp,Male,married,Yes,Yes,No
639,Francklin,Keble,fkeblehq@scientificamerican.com,Male,single,No,No,No
640,Ondrea,Parham,oparhamhr@xrea.com,Female,single,No,No,No
641,Germain,MacCoughen,gmaccoughenhs@miibeian.gov.cn,Male,married,Yes,No,No
642,Erhard,Vuittet,evuittetht@dot.gov,Polygender,married,No,No,Yes
643,Delora,Pridding,dpriddinghu@slate.com,Female,divorced,No,No,No
644,Clemmie,Sevier,csevierhv@yale.edu,Female,separated,No,Yes,No
645,Theodor,Loveguard,tloveguardhw@bizjournals.com,Male,single,No,Yes,No
646,Althea,Beran,aberanhx@wordpress.org,Female,single,No,No,No
647,Elena,Piggen,epiggenhy@soup.io,Female,married,Yes,No,Yes
648,Neille,Orthmann,northmannhz@creativecommons.org,Female,divorced,No,No,Yes
649,Ardith,McGerraghty,amcgerraghtyi0@spiegel.de,Female,divorced,Yes,Yes,No
650,Robbin,Khristyukhin,rkhristyukhini1@springer.com,Agender,separated,No,Yes,No
651,Alric,Kenwright,akenwrighti2@geocities.jp,Male,separated,No,No,Yes
652,Laurence,Hailes,lhailesi3@w3.org,Male,divorced,No,No,No
653,Derril,Jekyll,djekylli4@spiegel.de,Male,separated,No,No,No
654,Dre,Griswaite,dgriswaitei5@mtv.com,Female,married,Yes,No,No
655,Horatia,Beddall,hbeddalli6@ed.gov,Female,divorced,Yes,No,Yes
656,Ardella,Bugby,abugbyi7@nifty.com,Female,married,Yes,Yes,Yes
657,Hedwiga,Glennie,hglenniei8@drupal.org,Genderqueer,single,Yes,Yes,Yes
658,Prisca,Joney,pjoneyi9@tripadvisor.com,Female,divorced,Yes,No,Yes
659,Peggi,Stidston,pstidstonia@icio.us,Female,married,Yes,Yes,Yes
660,Aloin,Gantzer,agantzerib@quantcast.com,Male,married,Yes,No,Yes
661,Mag,Niset,mnisetic@free.fr,Female,married,Yes,Yes,Yes
662,Elle,Duffie,eduffieid@mozilla.com,Female,single,Yes,Yes,Yes
663,Celka,Pinnick,cpinnickie@homestead.com,Female,single,Yes,No,Yes
664,Penni,Beardall,pbeardallif@newyorker.com,Female,separated,Yes,No,No
665,Fifi,Kevern,fkevernig@amazon.de,Female,married,No,Yes,Yes
666,Halli,Gorthy,hgorthyih@bing.com,Female,divorced,Yes,No,Yes
667,Nathaniel,MacPaden,nmacpadenii@google.it,Male,separated,Yes,Yes,Yes
668,Anthea,Bottle,abottleij@baidu.com,Genderqueer,divorced,No,Yes,Yes
669,Elisha,Brierton,ebriertonik@naver.com,Male,divorced,Yes,No,No
670,Willi,Bax,wbaxil@eepurl.com,Male,married,Yes,No,Yes
671,Torrie,Sinnott,tsinnottim@admin.ch,Female,separated,Yes,Yes,No
672,Nonie,Sterland,nsterlandin@g.co,Female,married,No,No,No
673,Romy,Pavese,rpaveseio@illinois.edu,Female,married,Yes,No,Yes
674,Fallon,Cellier,fcellierip@elegantthemes.com,Female,separated,Yes,Yes,Yes
675,Fabio,Pauli,fpauliiq@vimeo.com,Male,separated,Yes,Yes,Yes
676,Fanni,Zavattari,fzavattariir@spotify.com,Female,separated,Yes,Yes,No
677,Gaby,Davy,gdavyis@virginia.edu,Bigender,divorced,No,Yes,Yes
678,Jeannine,Beebee,jbeebeeit@nsw.gov.au,Female,divorced,Yes,No,Yes
679,Chrisy,Hanselmann,chanselmanniu@vk.com,Male,divorced,No,No,No
680,Lon,Sawle,lsawleiv@sina.com.cn,Polygender,separated,Yes,No,No
681,Sharron,Merigon,smerigoniw@examiner.com,Female,married,No,Yes,Yes
682,Gino,Skrines,gskrinesix@sbwire.com,Polygender,single,No,No,No
683,Fredric,Buttery,fbutteryiy@unc.edu,Polygender,single,Yes,No,No
684,Francklin,Doswell,fdoswelliz@un.org,Male,married,Yes,Yes,Yes
685,Cyb,Prigmore,cprigmorej0@theglobeandmail.com,Female,married,Yes,Yes,No
686,Maire,German,mgermanj1@opera.com,Female,divorced,No,Yes,No
687,Lindsey,Brunel,lbrunelj2@tripod.com,Male,divorced,No,No,No
688,Cloris,Farrey,cfarreyj3@parallels.com,Agender,divorced,Yes,Yes,Yes
689,Emmalynn,Vokes,evokesj4@howstuffworks.com,Female,married,No,Yes,No
690,Jory,Simnell,jsimnellj5@unicef.org,Male,divorced,No,Yes,Yes
691,Francine,Oade,foadej6@so-net.ne.jp,Female,divorced,Yes,No,Yes
692,Eydie,Cattemull,ecattemullj7@shutterfly.com,Female,single,Yes,No,Yes
693,Jacques,Filipov,jfilipovj8@aboutads.info,Male,divorced,No,No,No
694,Kincaid,Brickstock,kbrickstockj9@godaddy.com,Male,married,Yes,No,No
695,Camilla,Boerderman,cboerdermanja@ted.com,Female,separated,No,Yes,No
696,Herc,Trunchion,htrunchionjb@businessweek.com,Male,separated,Yes,No,No
697,Bernadina,Hammond,bhammondjc@harvard.edu,Female,separated,Yes,No,No
698,Orazio,Probbin,oprobbinjd@ifeng.com,Male,divorced,No,Yes,No
699,Aldo,Condell,acondellje@homestead.com,Male,married,Yes,Yes,Yes
700,Moore,Kantor,mkantorjf@biblegateway.com,Genderfluid,divorced,No,No,Yes
701,Emanuel,Bouda,eboudajg@google.pl,Male,divorced,No,No,No
702,Rourke,Catenot,rcatenotjh@odnoklassniki.ru,Male,divorced,Yes,Yes,Yes
703,Goldie,Hildrew,ghildrewji@privacy.gov.au,Female,single,Yes,No,Yes
704,Paula,Galpin,pgalpinjj@ox.ac.uk,Female,married,Yes,Yes,Yes
705,Eimile,Maillard,emaillardjk@yahoo.co.jp,Female,single,Yes,No,No
706,Cass,Ixor,cixorjl@nps.gov,Female,divorced,No,Yes,Yes
707,Brannon,Brownsmith,bbrownsmithjm@google.fr,Male,married,Yes,Yes,No
708,Wayland,Kingswold,wkingswoldjn@zdnet.com,Male,single,Yes,No,No
709,Eudora,Andriessen,eandriessenjo@redcross.org,Female,single,Yes,No,No
710,Wendel,Teek,wteekjp@twitter.com,Male,married,Yes,No,Yes
711,Shay,Luigi,sluigijq@ihg.com,Female,divorced,Yes,No,No
712,Shelley,Booth,sboothjr@ocn.ne.jp,Female,single,No,Yes,No
713,Cristian,Belfield,cbelfieldjs@odnoklassniki.ru,Male,divorced,Yes,No,No
714,Florenza,Corsham,fcorshamjt@squidoo.com,Female,married,Yes,Yes,No
715,Beryle,Davidow,bdavidowju@ftc.gov,Female,separated,Yes,Yes,Yes
716,Kelly,Cordero,kcorderojv@discovery.com,Male,divorced,Yes,No,Yes
717,Haven,Comello,hcomellojw@cisco.com,Male,single,No,No,Yes
718,Janka,Stourton,jstourtonjx@youtube.com,Female,married,No,No,No
719,Darryl,Golds,dgoldsjy@google.it,Genderfluid,single,No,Yes,Yes
720,Ellyn,Briztman,ebriztmanjz@goo.ne.jp,Female,separated,No,Yes,No
721,Mickey,Betho,mbethok0@zimbio.com,Genderfluid,married,No,No,No
722,Spike,Simonetto,ssimonettok1@squarespace.com,Male,separated,Yes,No,Yes
723,Sofia,Bishell,sbishellk2@list-manage.com,Female,separated,No,No,Yes
724,Karola,Belsham,kbelshamk3@google.fr,Female,single,Yes,Yes,No
725,Durante,Truran,dtrurank4@about.com,Male,married,No,No,No
726,Alley,Shouler,ashoulerk5@livejournal.com,Non-binary,divorced,No,Yes,Yes
727,Terrence,Guillot,tguillotk6@newyorker.com,Male,married,No,Yes,No
728,Gladi,Nunnery,gnunneryk7@opera.com,Female,divorced,Yes,No,No
729,Lorilee,Reolfo,lreolfok8@posterous.com,Bigender,single,Yes,No,No
730,Burg,Beebis,bbeebisk9@jugem.jp,Male,divorced,Yes,Yes,No
731,Vicki,Hue,vhueka@ebay.com,Female,separated,Yes,No,No
732,Nissie,Conkey,nconkeykb@1688.com,Female,separated,Yes,Yes,No
733,Renell,Harrison,rharrisonkc@ted.com,Female,divorced,Yes,No,Yes
734,Urson,Bottini,ubottinikd@cbsnews.com,Male,divorced,Yes,No,No
735,Vincents,Ryton,vrytonke@uol.com.br,Male,single,No,No,Yes
736,Halsey,Mounfield,hmounfieldkf@gov.uk,Male,separated,No,No,No
737,Scotty,Hayles,shayleskg@cbc.ca,Male,divorced,No,No,No
738,Kimberly,Sibthorp,ksibthorpkh@wikispaces.com,Female,separated,Yes,No,No
739,Roberta,Dei,rdeiki@squidoo.com,Female,single,No,Yes,No
740,Bryn,McGrotty,bmcgrottykj@github.com,Male,married,No,No,Yes
741,Teador,Giacovazzo,tgiacovazzokk@diigo.com,Male,separated,No,No,No
742,Fitz,Behnecke,fbehneckekl@hhs.gov,Male,divorced,Yes,Yes,No
743,Joli,Jewis,jjewiskm@china.com.cn,Female,separated,No,No,No
744,Emmerich,Courtman,ecourtmankn@devhub.com,Male,single,No,No,Yes
745,Andromache,Himsworth,ahimsworthko@linkedin.com,Female,married,Yes,Yes,Yes
746,Wyatt,Osmon,wosmonkp@360.cn,Male,single,No,Yes,No
747,Hank,Vala,hvalakq@prnewswire.com,Male,single,No,Yes,No
748,Killian,Brighouse,kbrighousekr@house.gov,Male,married,No,Yes,No
749,Cherise,Village,cvillageks@ebay.co.uk,Female,married,No,Yes,No
750,Luciano,Scourgie,lscourgiekt@creativecommons.org,Male,married,Yes,Yes,No
751,Laurice,Ast,lastku@bluehost.com,Female,separated,No,Yes,No
752,Ennis,Bonick,ebonickkv@shinystat.com,Male,married,No,Yes,No
753,Nilson,Ovey,noveykw@opera.com,Male,single,Yes,No,No
754,Ambros,Dunkerley,adunkerleykx@opera.com,Male,single,Yes,Yes,No
755,Allyn,Kitchenham,akitchenhamky@cnet.com,Male,separated,Yes,Yes,No
756,Sibelle,MacKaile,smackailekz@ebay.co.uk,Female,divorced,No,Yes,Yes
757,Kale,Skrine,kskrinel0@clickbank.net,Male,divorced,No,No,Yes
758,Anthea,Dudeney,adudeneyl1@bloglovin.com,Female,separated,No,Yes,No
759,Rebecka,Haggath,rhaggathl2@sakura.ne.jp,Female,separated,Yes,No,No
760,Josephine,Timbrell,jtimbrelll3@ibm.com,Female,single,No,Yes,Yes
761,Shae,Dawidowitsch,sdawidowitschl4@webs.com,Bigender,single,No,No,Yes
762,Anthony,Shurrock,ashurrockl5@epa.gov,Male,married,No,No,Yes
763,Kasper,Thoday,kthodayl6@tripod.com,Male,single,Yes,No,No
764,Brigida,Duligall,bduligalll7@meetup.com,Female,separated,Yes,No,Yes
765,Reggy,Hiland,rhilandl8@engadget.com,Male,married,No,No,No
766,Cristen,Cowden,ccowdenl9@wisc.edu,Non-binary,married,No,No,Yes
767,Francisca,Cometson,fcometsonla@symantec.com,Female,divorced,Yes,Yes,Yes
768,Donnie,Clemendot,dclemendotlb@wikimedia.org,Male,divorced,Yes,Yes,Yes
769,Delmer,Veschambes,dveschambeslc@wordpress.com,Male,separated,No,No,Yes
770,Odelia,Gabel,ogabelld@goo.ne.jp,Female,divorced,No,Yes,Yes
771,Gordy,Gosz,ggoszle@taobao.com,Male,separated,Yes,No,No
772,Grissel,McVitie,gmcvitielf@unicef.org,Female,separated,Yes,No,No
773,Addie,Slot,aslotlg@springer.com,Female,divorced,Yes,Yes,Yes
774,Elie,Pedlar,epedlarlh@ihg.com,Female,single,No,No,Yes
775,Christophe,Letteresse,cletteresseli@cnn.com,Male,married,Yes,No,No
776,Kennie,Vannucci,kvannuccilj@mlb.com,Male,married,No,No,Yes
777,Eliza,Baukham,ebaukhamlk@nsw.gov.au,Female,married,Yes,Yes,Yes
778,Whitby,Langelaan,wlangelaanll@europa.eu,Male,separated,Yes,Yes,No
779,Pail,Abriani,pabrianilm@techcrunch.com,Male,married,Yes,No,Yes
780,Harper,Bloxam,hbloxamln@latimes.com,Male,divorced,No,No,Yes
781,Reina,Creeboe,rcreeboelo@qq.com,Female,divorced,Yes,No,No
782,Cheri,Grgic,cgrgiclp@walmart.com,Female,divorced,Yes,No,No
783,Delano,Pail,dpaillq@hud.gov,Male,divorced,No,Yes,Yes
784,Lucky,Machans,lmachanslr@topsy.com,Female,single,Yes,Yes,No
785,Doralynne,Petrazzi,dpetrazzils@salon.com,Female,separated,Yes,No,No
786,Yancy,Ellen,yellenlt@noaa.gov,Male,single,Yes,No,Yes
787,Rutger,Cromer,rcromerlu@acquirethisname.com,Male,separated,No,No,Yes
788,Umberto,Gadd,ugaddlv@un.org,Male,separated,Yes,Yes,No
789,Krishnah,Klisch,kklischlw@hatena.ne.jp,Male,divorced,No,Yes,No
790,Meier,Kubera,mkuberalx@flavors.me,Male,married,No,No,No
791,Ferrell,Aleavy,faleavyly@networksolutions.com,Male,single,Yes,Yes,Yes
792,Flint,Duell,fduelllz@disqus.com,Male,separated,No,No,Yes
793,Bryan,Christophle,bchristophlem0@gizmodo.com,Male,separated,No,No,Yes
794,Garrik,Heffron,gheffronm1@photobucket.com,Male,divorced,Yes,No,No
795,Trudy,Baitey,tbaiteym2@vk.com,Female,married,Yes,No,No
796,Tadd,Batchelour,tbatchelourm3@icio.us,Agender,single,No,Yes,Yes
797,Steven,Buckney,sbuckneym4@tinyurl.com,Male,separated,Yes,No,Yes
798,Nonnah,Nathon,nnathonm5@mashable.com,Female,divorced,Yes,No,No
799,Wendall,Duckwith,wduckwithm6@goodreads.com,Genderqueer,married,Yes,No,No
800,Rubi,Zeplin,rzeplinm7@goodreads.com,Female,single,No,Yes,Yes
801,Mauricio,Sharma,msharmam8@google.co.uk,Male,married,Yes,No,Yes
802,Towney,Eastgate,teastgatem9@about.com,Male,divorced,Yes,Yes,No
803,Holmes,Daw,hdawma@reverbnation.com,Male,single,Yes,Yes,No
804,Wilfrid,Jowle,wjowlemb@slashdot.org,Male,divorced,Yes,Yes,Yes
805,Alene,Greenset,agreensetmc@foxnews.com,Female,divorced,Yes,Yes,No
806,Kimberlyn,Rothschild,krothschildmd@nps.gov,Female,married,Yes,No,No
807,Chicky,Fery,cferyme@salon.com,Female,separated,No,No,Yes
808,Chloette,Epinoy,cepinoymf@geocities.jp,Female,married,No,No,Yes
809,Aviva,Elsip,aelsipmg@pbs.org,Female,married,Yes,Yes,No
810,Seth,Brankley,sbrankleymh@japanpost.jp,Male,divorced,No,Yes,Yes
811,Gale,Strowthers,gstrowthersmi@sogou.com,Male,single,Yes,Yes,No
812,Nelle,Corro,ncorromj@noaa.gov,Female,separated,No,Yes,Yes
813,Coleen,Sally,csallymk@nymag.com,Female,single,No,Yes,Yes
814,Myrta,Folley,mfolleyml@ucoz.ru,Genderfluid,married,Yes,Yes,No
815,Liuka,Hancorn,lhancornmm@nba.com,Female,separated,Yes,No,No
816,Savina,Gabbett,sgabbettmn@prnewswire.com,Female,married,No,Yes,Yes
817,Keith,Pires,kpiresmo@vistaprint.com,Male,divorced,No,No,No
818,Haley,Wehden,hwehdenmp@drupal.org,Male,single,No,Yes,Yes
819,Kingston,Alekseicik,kalekseicikmq@uiuc.edu,Male,separated,No,Yes,No
820,Ashton,Campaigne,acampaignemr@businesswire.com,Male,divorced,No,Yes,Yes
821,Adina,Colson,acolsonms@ifeng.com,Female,divorced,Yes,No,Yes
822,Danika,Cummings,dcummingsmt@aol.com,Female,separated,No,Yes,Yes
823,Orland,Alldread,oalldreadmu@ezinearticles.com,Polygender,separated,Yes,No,Yes
824,Bear,Frantz,bfrantzmv@simplemachines.org,Male,married,Yes,Yes,No
825,Sybilla,Hardey,shardeymw@marketwatch.com,Genderfluid,divorced,No,Yes,Yes
826,Gibby,Pressey,gpresseymx@123-reg.co.uk,Male,divorced,Yes,No,No
827,Erastus,Smeall,esmeallmy@mozilla.com,Male,single,No,No,No
828,Dyann,Ellison,dellisonmz@creativecommons.org,Female,divorced,No,No,No
829,Wallache,Brodhead,wbrodheadn0@blogtalkradio.com,Genderfluid,married,No,No,Yes
830,Esra,Brownfield,ebrownfieldn1@myspace.com,Male,divorced,Yes,Yes,No
831,Christel,Westwood,cwestwoodn2@dagondesign.com,Female,married,No,Yes,Yes
832,Nataniel,Roycroft,nroycroftn3@php.net,Male,married,No,Yes,Yes
833,Olly,Meakes,omeakesn4@wikia.com,Male,separated,No,No,No
834,Ulrich,Abramovitz,uabramovitzn5@1und1.de,Male,divorced,Yes,No,Yes
835,Aluin,Scrine,ascrinen6@usa.gov,Male,married,Yes,No,Yes
836,Carma,Kelston,ckelstonn7@cyberchimps.com,Female,separated,No,No,Yes
837,Cyndia,Carverhill,ccarverhilln8@addtoany.com,Genderfluid,married,No,No,No
838,Gabriela,Manilove,gmaniloven9@ucla.edu,Genderqueer,married,Yes,No,Yes
839,Ruthie,Meecher,rmeecherna@newsvine.com,Female,single,No,No,No
840,Sibelle,Timblett,stimblettnb@ft.com,Female,married,No,Yes,No
841,Jeane,Caccavella,jcaccavellanc@cocolog-nifty.com,Female,divorced,Yes,No,Yes
842,Onfre,Balma,obalmand@jigsy.com,Male,single,Yes,No,Yes
843,Dur,Blaker,dblakerne@dion.ne.jp,Male,separated,Yes,Yes,No
844,Christophorus,Jerromes,cjerromesnf@statcounter.com,Male,divorced,No,Yes,Yes
845,Elsa,McKinley,emckinleyng@indiatimes.com,Female,single,Yes,No,No
846,Terri-jo,McGillacoell,tmcgillacoellnh@whitehouse.gov,Female,married,Yes,Yes,No
847,Fraser,Argrave,fargraveni@pinterest.com,Male,divorced,No,Yes,Yes
848,Devan,Spillett,dspillettnj@google.es,Female,separated,No,No,No
849,Kelvin,Westberg,kwestbergnk@msu.edu,Male,divorced,No,Yes,No
850,Rodolph,Benza,rbenzanl@pinterest.com,Male,separated,No,No,Yes
851,Gayelord,Clynmans,gclynmansnm@time.com,Male,divorced,Yes,Yes,Yes
852,Amos,Vian,aviannn@rambler.ru,Male,separated,Yes,No,Yes
853,Patience,Tappin,ptappinno@cisco.com,Female,divorced,Yes,No,No
854,Tamiko,Alenshev,talenshevnp@i2i.jp,Female,married,No,No,Yes
855,Selina,Shilston,sshilstonnq@utexas.edu,Female,married,Yes,Yes,No
856,Crystal,Mercer,cmercernr@bigcartel.com,Female,single,No,No,Yes
857,Karlotte,Towson,ktowsonns@google.it,Female,single,No,Yes,No
858,Godard,Cumbridge,gcumbridgent@hostgator.com,Male,divorced,Yes,No,Yes
859,Harp,Warrilow,hwarrilownu@soundcloud.com,Male,separated,Yes,No,Yes
860,Engelbert,Lindholm,elindholmnv@telegraph.co.uk,Male,separated,Yes,No,No
861,Englebert,Pearse,epearsenw@csmonitor.com,Male,divorced,Yes,Yes,Yes
862,Gerrie,Poad,gpoadnx@parallels.com,Male,divorced,No,No,Yes
863,Basil,Manis,bmanisny@angelfire.com,Male,married,Yes,No,Yes
864,Kelby,Taft,ktaftnz@blinklist.com,Male,married,Yes,No,Yes
865,Gaelan,Petrushka,gpetrushkao0@cmu.edu,Male,separated,Yes,No,Yes
866,Ethyl,Valerius,evaleriuso1@amazon.co.jp,Female,single,No,No,Yes
867,Noella,Shatliffe,nshatliffeo2@house.gov,Female,separated,Yes,Yes,No
868,Linnie,Redrup,lredrupo3@apple.com,Female,separated,Yes,No,Yes
869,Remy,Farrah,rfarraho4@1und1.de,Genderqueer,single,Yes,Yes,Yes
870,Worth,Landeaux,wlandeauxo5@paginegialle.it,Male,single,Yes,Yes,Yes
871,Sabina,Bettinson,sbettinsono6@soup.io,Genderfluid,separated,No,No,Yes
872,Rosina,Polon,rpolono7@instagram.com,Female,married,No,Yes,Yes
873,Annelise,Morstatt,amorstatto8@dropbox.com,Female,separated,No,Yes,No
874,Jimmie,Rate,jrateo9@google.ca,Male,married,Yes,No,No
875,Giavani,Phipard-Shears,gphipardshearsoa@bloglovin.com,Male,single,No,No,No
876,Kaitlyn,Smidmor,ksmidmorob@mozilla.org,Female,single,Yes,Yes,Yes
877,Etti,Ivanov,eivanovoc@amazon.de,Polygender,married,No,No,Yes
878,Tracey,Maciunas,tmaciunasod@ucla.edu,Male,single,Yes,Yes,Yes
879,Laney,MacMillan,lmacmillanoe@vkontakte.ru,Female,separated,No,No,No
880,Rosemarie,Kees,rkeesof@rakuten.co.jp,Female,divorced,Yes,No,No
881,Christye,Smoote,csmooteog@nsw.gov.au,Female,single,Yes,No,No
882,Gill,Losano,glosanooh@naver.com,Male,separated,Yes,Yes,No
883,Ruthy,Preist,rpreistoi@economist.com,Female,divorced,No,Yes,Yes
884,Erica,Aberchirder,eaberchirderoj@technorati.com,Non-binary,single,Yes,No,Yes
885,Dale,Lazenbury,dlazenburyok@va.gov,Female,single,Yes,Yes,No
886,Avis,Hutcheons,ahutcheonsol@123-reg.co.uk,Female,divorced,No,Yes,Yes
887,Dunstan,Arstingall,darstingallom@wikispaces.com,Non-binary,married,Yes,No,No
888,Rhodia,Simeone,rsimeoneon@people.com.cn,Female,married,Yes,Yes,Yes
889,Martie,Kestin,mkestinoo@forbes.com,Male,single,No,No,Yes
890,Kaja,Fanshawe,kfanshaweop@fema.gov,Female,separated,Yes,Yes,Yes
891,Liza,Santon,lsantonoq@scribd.com,Female,separated,Yes,Yes,No
892,Krishnah,Ingleton,kingletonor@harvard.edu,Male,divorced,No,Yes,Yes
893,Sidnee,Sustin,ssustinos@naver.com,Male,married,No,Yes,No
894,Elsie,Cattenach,ecattenachot@sciencedirect.com,Female,divorced,No,Yes,No
895,Theresa,Jeffress,tjeffressou@apache.org,Female,married,No,Yes,Yes
896,Concordia,Keenlayside,ckeenlaysideov@ft.com,Female,divorced,Yes,Yes,Yes
897,Karole,Wynes,kwynesow@utexas.edu,Female,separated,Yes,No,No
898,Katinka,Bottini,kbottiniox@biglobe.ne.jp,Female,married,Yes,Yes,Yes
899,Aleksandr,Durram,adurramoy@nationalgeographic.com,Male,single,No,No,No
900,Rivy,O'Duggan,rodugganoz@etsy.com,Female,divorced,No,Yes,Yes
901,Jessee,Zanetello,jzanetellop0@nymag.com,Male,married,Yes,Yes,Yes
902,Tobe,Kitson,tkitsonp1@usda.gov,Male,divorced,Yes,Yes,No
903,Sonja,Pringuer,springuerp2@unblog.fr,Female,single,Yes,No,No
904,Saudra,Castan,scastanp3@alexa.com,Female,separated,Yes,No,Yes
905,Griffin,Shillinglaw,gshillinglawp4@hubpages.com,Male,separated,Yes,No,Yes
906,Carolyn,Evetts,cevettsp5@businessweek.com,Female,divorced,No,Yes,Yes
907,Kimmy,Kimberley,kkimberleyp6@wordpress.org,Female,married,No,Yes,Yes
908,Ayn,Aylen,aaylenp7@indiegogo.com,Female,single,Yes,No,Yes
909,Wylma,Hicklingbottom,whicklingbottomp8@google.co.uk,Female,separated,No,No,Yes
910,Lyon,Hallex,lhallexp9@wsj.com,Male,single,No,Yes,Yes
911,Tommie,Tonn,ttonnpa@globo.com,Female,single,Yes,Yes,Yes
912,Bevan,McNish,bmcnishpb@deliciousdays.com,Male,separated,No,Yes,No
913,Muhammad,McRae,mmcraepc@usnews.com,Male,single,Yes,No,No
914,Kenny,Ohlsen,kohlsenpd@tinypic.com,Male,divorced,Yes,Yes,Yes
915,Baxy,Blasik,bblasikpe@hc360.com,Male,married,No,Yes,No
916,Denice,Shoppee,dshoppeepf@mysql.com,Female,single,Yes,Yes,No
917,Clemmie,Oleszkiewicz,coleszkiewiczpg@nbcnews.com,Male,divorced,Yes,Yes,Yes
918,Dewitt,Dilworth,ddilworthph@imageshack.us,Male,married,Yes,No,Yes
919,Boris,Mitchely,bmitchelypi@accuweather.com,Non-binary,divorced,No,Yes,Yes
920,Simona,Bleakman,sbleakmanpj@4shared.com,Female,married,No,Yes,No
921,Cassi,MacKey,cmackeypk@prnewswire.com,Female,single,No,Yes,Yes
922,Finley,Perrin,fperrinpl@ask.com,Male,separated,No,Yes,Yes
923,Marie-jeanne,Morehall,mmorehallpm@github.io,Female,married,Yes,Yes,Yes
924,Kinnie,Bavister,kbavisterpn@desdev.cn,Male,separated,No,No,Yes
925,Mike,Slatcher,mslatcherpo@noaa.gov,Male,divorced,No,Yes,Yes
926,Dani,Kepp,dkepppp@blinklist.com,Male,single,No,Yes,Yes
927,Rosalia,Kenchington,rkenchingtonpq@ameblo.jp,Agender,separated,Yes,No,Yes
928,Wallis,Gomm,wgommpr@google.ru,Male,separated,No,Yes,No
929,Cloe,Tomasik,ctomasikps@odnoklassniki.ru,Female,divorced,Yes,No,No
930,Law,Moger,lmogerpt@free.fr,Genderfluid,married,No,Yes,Yes
931,Luci,Karlqvist,lkarlqvistpu@upenn.edu,Female,divorced,Yes,No,Yes
932,Gannie,Farnsworth,gfarnsworthpv@i2i.jp,Male,divorced,Yes,Yes,Yes
933,Maribel,Papps,mpappspw@ftc.gov,Female,separated,No,Yes,No
934,Bryna,Battams,bbattamspx@nps.gov,Female,single,No,Yes,Yes
935,Jodee,Sprigings,jsprigingspy@facebook.com,Bigender,single,No,Yes,Yes
936,Gardener,McNeilley,gmcneilleypz@comcast.net,Male,separated,No,No,No
937,Blinny,Russam,brussamq0@bizjournals.com,Female,separated,No,Yes,No
938,Jacqueline,Ballard,jballardq1@npr.org,Female,separated,Yes,Yes,Yes
939,Anastasia,Checkley,acheckleyq2@scientificamerican.com,Female,single,No,Yes,Yes
940,Maudie,Harmour,mharmourq3@uol.com.br,Female,single,No,No,Yes
941,Kristine,Liggens,kliggensq4@lycos.com,Female,single,No,Yes,Yes
942,Hernando,Boycott,hboycottq5@cam.ac.uk,Male,married,Yes,No,Yes
943,Augusto,Kynman,akynmanq6@ftc.gov,Male,single,No,No,Yes
944,Paulie,Lestrange,plestrangeq7@ed.gov,Female,single,Yes,Yes,No
945,Georgianne,Kike,gkikeq8@telegraph.co.uk,Female,divorced,Yes,Yes,No
946,Marika,McEnery,mmceneryq9@hc360.com,Female,married,Yes,Yes,Yes
947,Kalli,Luby,klubyqa@nsw.gov.au,Female,separated,No,No,Yes
948,Twyla,Brimman,tbrimmanqb@loc.gov,Female,divorced,No,No,No
949,Pauly,Vause,pvauseqc@constantcontact.com,Female,married,No,Yes,Yes
950,Guendolen,Breslau,gbreslauqd@paypal.com,Female,divorced,No,No,Yes
951,Hamilton,Deuss,hdeussqe@sciencedaily.com,Male,divorced,Yes,Yes,No
952,Tanny,Yannikov,tyannikovqf@woothemes.com,Male,separated,No,No,No
953,Felicity,Vasyunkin,fvasyunkinqg@opensource.org,Genderqueer,single,Yes,Yes,Yes
954,Rana,Hardaway,rhardawayqh@ask.com,Female,separated,No,No,Yes
955,Faith,Bowman,fbowmanqi@tiny.cc,Female,married,Yes,Yes,Yes
956,Merridie,Whitters,mwhittersqj@bbc.co.uk,Non-binary,separated,Yes,No,No
957,Florella,Cottu,fcottuqk@networksolutions.com,Female,separated,No,Yes,Yes
958,Genia,Besnardeau,gbesnardeauql@angelfire.com,Female,single,No,No,Yes
959,Richie,Harcourt,rharcourtqm@spiegel.de,Male,single,No,Yes,Yes
960,Pierce,Sokill,psokillqn@vk.com,Male,married,No,Yes,Yes
961,Aylmer,Springall,aspringallqo@army.mil,Male,single,No,No,Yes
962,Paxon,Allberry,pallberryqp@wired.com,Male,single,Yes,Yes,No
963,Sayre,Kingswood,skingswoodqq@techcrunch.com,Female,married,No,Yes,No
964,Freddie,Gasken,fgaskenqr@jigsy.com,Male,divorced,No,No,Yes
965,Caro,Fadian,cfadianqs@cbslocal.com,Female,single,No,No,Yes
966,Dalston,Sacco,dsaccoqt@facebook.com,Male,married,Yes,Yes,Yes
967,Freida,Raven,fravenqu@engadget.com,Genderqueer,married,Yes,Yes,Yes
968,Winni,Verdy,wverdyqv@ocn.ne.jp,Bigender,divorced,Yes,No,No
969,Cherianne,Mellonby,cmellonbyqw@baidu.com,Non-binary,single,Yes,No,Yes
970,Andie,Extal,aextalqx@vinaora.com,Female,divorced,No,No,Yes
971,Zsazsa,MacTerlagh,zmacterlaghqy@last.fm,Female,separated,No,Yes,No
972,Ambrosi,Ladd,aladdqz@arizona.edu,Male,married,Yes,Yes,No
973,Sherye,Burdas,sburdasr0@sitemeter.com,Female,married,No,Yes,Yes
974,Pryce,Tremathack,ptremathackr1@miibeian.gov.cn,Male,single,No,Yes,No
975,Sollie,Stubbins,sstubbinsr2@patch.com,Male,single,Yes,Yes,Yes
976,Mic,Boards,mboardsr3@hc360.com,Male,single,No,No,No
977,Thebault,Dabnot,tdabnotr4@chron.com,Male,separated,Yes,Yes,No
978,Leonhard,Gay,lgayr5@devhub.com,Male,separated,Yes,No,Yes
979,Ellerey,Ansteys,eansteysr6@vinaora.com,Male,single,Yes,Yes,Yes
980,Leah,Mille,lmiller7@engadget.com,Agender,divorced,Yes,Yes,No
981,Milty,Wheldon,mwheldonr8@discovery.com,Male,married,Yes,Yes,Yes
982,Lilas,Malletratt,lmalletrattr9@alexa.com,Female,separated,Yes,Yes,No
983,Eveline,Aleksich,ealeksichra@about.me,Female,single,No,No,Yes
984,Gerhard,Scroggins,gscrogginsrb@istockphoto.com,Male,single,No,Yes,Yes
985,Gladi,Sorsby,gsorsbyrc@squidoo.com,Female,single,Yes,No,Yes
986,Galvin,Wilce,gwilcerd@baidu.com,Bigender,divorced,No,No,No
987,Tessy,Collingridge,tcollingridgere@prweb.com,Female,separated,No,No,Yes
988,Elston,Revens,erevensrf@stumbleupon.com,Male,divorced,No,Yes,No
989,Ximenez,Applewhaite,xapplewhaiterg@time.com,Male,separated,No,Yes,Yes
990,Vic,Meneur,vmeneurrh@plala.or.jp,Male,married,No,Yes,Yes
991,Des,Davidof,ddavidofri@noaa.gov,Male,married,Yes,No,No
992,Huntley,Zuann,hzuannrj@imageshack.us,Male,married,No,Yes,No
993,Eamon,Drinkel,edrinkelrk@hostgator.com,Male,separated,No,No,Yes
994,Bartlett,Tisor,btisorrl@simplemachines.org,Male,divorced,No,No,Yes
995,Maxim,Pinock,mpinockrm@yelp.com,Male,divorced,Yes,Yes,No
996,Nessie,Harms,nharmsrn@bbc.co.uk,Female,married,No,No,Yes
997,Darrell,Moreton,dmoretonro@state.tx.us,Male,single,Yes,Yes,No
998,Cybil,O'Scollain,coscollainrp@ted.com,Female,divorced,Yes,No,No
999,Ripley,Linning,rlinningrq@telegraph.co.uk,Male,married,No,No,No
1000,Fran,Gentiry,fgentiryrr@abc.net.au,Non-binary,divorced,No,No,Yes
