id,first_name,last_name,email,age,gender,marital_status,assault/abuse,rape,Sought help
1,Gunther,Garwood,ggarwood0@mashable.com,13,Male,single,Yes,No,Yes
2,Tessi,Tinniswood,ttinniswood1@usda.gov,47,Female,divorced,No,Yes,Yes
3,Estrellita,Jamison,ejamison2@eepurl.com,47,Female,divorced,Yes,No,No
4,Thain,Castelyn,tcastelyn3@issuu.com,47,Male,single,No,No,Yes
5,Carlos,Nunan,cnunan4@google.ca,44,Male,widowed,Yes,No,No
6,Kingston,Bourton,kbourton5@people.com.cn,50,Male,single,Yes,No,Yes
7,Norean,Whetnall,nwhetnall6@constantcontact.com,18,Female,single,Yes,No,No
8,Lynelle,Middiff,lmiddiff7@china.com.cn,36,Female,divorced,Yes,No,Yes
9,Angelika,Reavell,areavell8@topsy.com,17,Female,widowed,Yes,No,Yes
10,Kelcey,Hendrich,khendrich9@reverbnation.com,64,Female,married,No,Yes,Yes
11,Alfie,Konzelmann,akonzelmanna@behance.net,59,Female,married,No,Yes,Yes
12,Hansiain,Airds,hairdsb@ow.ly,13,Male,divorced,Yes,No,No
13,Amil,Espinazo,aespinazoc@sakura.ne.jp,63,Female,married,No,No,Yes
14,Bobby,Germann,bgermannd@t-online.de,62,Male,married,Yes,Yes,Yes
15,Kassi,Hoyes,khoyese@bbc.co.uk,49,male,married,Yes,Yes,Yes
16,Katrine,Gooderham,kgooderhamf@disqus.com,48,Female,married,Yes,No,Yes
17,Durward,Heasley,dheasleyg@t.co,17,Male,divorced,Yes,No,No
18,Tanhya,Tiuit,ttiuith@nature.com,39,Female,married,Yes,Yes,Yes
19,Rosco,Wilkison,rwilkisoni@opera.com,57,Male,divorced,Yes,No,Yes
20,Hailey,Flanaghan,hflanaghanj@ibm.com,56,Male,divorced,No,Yes,Yes
21,Simonne,Towler,stowlerk@fotki.com,58,Female,single,No,No,Yes
22,Shelley,Wisbey,swisbeyl@mail.ru,63,female,married,No,Yes,Yes
23,Evaleen,Worlock,eworlockm@sciencedaily.com,45,Female,single,No,Yes,Yes
24,Rourke,Parlott,rparlottn@cisco.com,52,Male,widowed,No,Yes,No
25,Teirtza,Cutcliffe,tcutcliffeo@smh.com.au,25,Female,married,No,No,No
26,Denyse,Lunny,dlunnyp@wix.com,63,Female,married,No,No,No
27,Allister,Lagde,alagdeq@home.pl,53,Male,married,No,No,Yes
28,Armando,Skough,askoughr@hp.com,51,Male,divorced,No,No,Yes
29,Mathian,Gibben,mgibbens@gmpg.org,58,Male,widowed,Yes,Yes,No
30,Gunar,Imloch,gimlocht@over-blog.com,56,Male,single,No,Yes,No
31,Woodie,Vellender,wvellenderu@1688.com,64,Male,divorced,No,Yes,Yes
32,Millard,Holdren,mholdrenv@timesonline.co.uk,21,Male,single,Yes,Yes,No
33,Drusie,Klaessen,dklaessenw@hexun.com,13,Female,divorced,No,Yes,Yes
34,Sim,Forkan,sforkanx@rakuten.co.jp,53,Male,divorced,Yes,No,No
35,Robbie,Blasik,rblasiky@ibm.com,37,Male,single,No,No,No
36,Cull,Pinner,cpinnerz@newsvine.com,20,Male,married,Yes,Yes,No
37,Reynolds,Rieme,rrieme10@nih.gov,16,Male,divorced,No,Yes,Yes
38,Laverne,Bru,lbru11@t.co,25,Agender,divorced,Yes,No,No
39,Lettie,Padula,lpadula12@51.la,26,Female,divorced,Yes,Yes,Yes
40,Janette,Paintain,jpaintain13@mozilla.org,54,Female,single,No,Yes,Yes
41,Elsie,Walesby,ewalesby14@furl.net,47,Female,married,Yes,Yes,No
42,Eb,Mott,emott15@dot.gov,44,Male,divorced,No,Yes,Yes
43,Sarajane,Rhodus,srhodus16@cnbc.com,21,Female,single,Yes,Yes,Yes
44,Emmalee,Byford,ebyford17@t-online.de,61,Female,divorced,Yes,Yes,Yes
45,Marlowe,Roskam,mroskam18@seesaa.net,39,Male,divorced,Yes,Yes,Yes
46,Benny,Jertz,bjertz19@clickbank.net,63,Male,single,No,Yes,No
47,Murdoch,Le Noir,mlenoir1a@networkadvertising.org,32,Male,single,No,Yes,Yes
48,Trudy,Guilaem,tguilaem1b@oakley.com,32,Female,divorced,No,Yes,Yes
49,Damaris,Lorand,dlorand1c@themeforest.net,24,Female,divorced,Yes,No,Yes
50,Jeni,Dimitrescu,jdimitrescu1d@stumbleupon.com,50,Female,married,Yes,Yes,Yes
51,Sydney,Foyster,sfoyster1e@flickr.com,28,Male,widowed,Yes,Yes,Yes
52,Lammond,Broughton,lbroughton1f@livejournal.com,24,Male,divorced,No,No,Yes
53,Prue,Gibbons,pgibbons1g@symantec.com,24,Female,widowed,No,No,No
54,Edwin,Faloon,efaloon1h@ucoz.ru,63,Male,divorced,No,No,No
55,Dani,Jorgensen,djorgensen1i@simplemachines.org,30,Male,divorced,No,Yes,Yes
56,Suellen,Pechard,spechard1j@addthis.com,48,Female,divorced,No,No,Yes
57,Arlee,Greaves,agreaves1k@accuweather.com,44,Female,married,No,No,No
58,Amalita,Wellum,awellum1l@list-manage.com,60,Female,widowed,Yes,Yes,Yes
59,Lizzy,Pidwell,lpidwell1m@biglobe.ne.jp,40,Female,widowed,No,Yes,No
60,Enrico,Donati,edonati1n@google.pl,25,Male,widowed,No,No,No
61,Vinny,Norsister,vnorsister1o@flavors.me,27,Male,married,No,No,No
62,Fowler,Overbury,foverbury1p@photobucket.com,30,Male,single,Yes,No,No
63,Morganica,De Cleyne,mdecleyne1q@sourceforge.net,55,Female,widowed,No,Yes,No
64,Pacorro,Idale,pidale1r@icq.com,23,Male,widowed,Yes,Yes,No
65,Essy,Gyppes,egyppes1s@boston.com,41,Female,divorced,Yes,No,No
66,Clemmy,Jasper,cjasper1t@redcross.org,22,Male,married,Yes,No,Yes
67,Morty,de Guise,mdeguise1u@blinklist.com,35,Male,single,Yes,No,No
68,Ammamaria,Lacroutz,alacroutz1v@surveymonkey.com,49,Female,married,Yes,Yes,No
69,Kerk,Sudworth,ksudworth1w@surveymonkey.com,64,Male,widowed,Yes,Yes,No
70,Jaimie,Recke,jrecke1x@amazon.co.uk,27,Male,widowed,Yes,No,Yes
71,Peggi,Perrie,pperrie1y@loc.gov,43,Female,single,No,Yes,Yes
72,Laraine,Echalie,lechalie1z@sogou.com,30,Female,divorced,Yes,Yes,Yes
73,Codie,Paulusch,cpaulusch20@free.fr,63,Female,divorced,Yes,No,Yes
74,Eadmund,Pitman,epitman21@ehow.com,33,Male,single,Yes,No,Yes
75,Amandie,Cooksley,acooksley22@google.ru,17,Female,married,No,No,Yes
76,Melinde,Gilston,mgilston23@vimeo.com,16,Female,widowed,Yes,Yes,No
77,Blair,Southam,bsoutham24@alibaba.com,18,Male,widowed,No,Yes,No
78,Warner,Gallety,wgallety25@nifty.com,16,Male,married,Yes,Yes,Yes
79,Thia,Nias,tnias26@home.pl,37,Female,single,Yes,Yes,Yes
80,Skyler,Fosse,sfosse27@elpais.com,45,Male,divorced,No,No,Yes
81,Charlie,Eyckelbeck,ceyckelbeck28@acquirethisname.com,65,Male,widowed,No,No,Yes
82,Merrick,Boothman,mboothman29@qq.com,46,Male,widowed,No,Yes,Yes
83,Bunni,Klassman,bklassman2a@delicious.com,25,Male,widowed,No,No,Yes
84,Bartholomew,Rault,brault2b@dedecms.com,46,Male,single,Yes,No,No
85,Neysa,Rowell,nrowell2c@comcast.net,20,Female,single,No,No,No
86,Suzy,Couthard,scouthard2d@sourceforge.net,52,Female,married,Yes,No,No
87,Calvin,Ziemke,cziemke2e@google.com,46,Male,single,Yes,Yes,Yes
88,Elisabetta,Painten,epainten2f@feedburner.com,45,Female,widowed,Yes,No,No
89,Allison,Mixer,amixer2g@wsj.com,53,Female,single,No,Yes,Yes
90,Had,Swindin,hswindin2h@hugedomains.com,41,Female,widowed,No,Yes,Yes
91,Tonya,Maypes,tmaypes2i@unblog.fr,27,Female,married,Yes,No,No
92,Bank,Cicculini,bcicculini2j@constantcontact.com,13,Male,widowed,No,Yes,Yes
93,Mozelle,Mitkin,mmitkin2k@google.cn,56,Female,single,No,No,No
94,Ninnetta,Courson,ncourson2l@delicious.com,51,Female,single,No,No,Yes
95,Gusty,Soper,gsoper2m@mayoclinic.com,65,Female,married,No,Yes,Yes
96,Raphael,Banishevitz,rbanishevitz2n@yahoo.com,20,Male,widowed,Yes,No,Yes
97,Shurwood,Mardoll,smardoll2o@php.net,48,Male,divorced,Yes,Yes,Yes
98,Gunner,Tampen,gtampen2p@macromedia.com,42,Male,single,Yes,Yes,Yes
99,Paco,MacAskie,pmacaskie2q@mail.ru,60,Male,widowed,No,No,Yes
100,Bertina,Choupin,bchoupin2r@cmu.edu,65,Female,divorced,Yes,No,Yes
101,Danielle,Belfield,dbelfield2s@clickbank.net,27,Female,single,Yes,Yes,Yes
102,Alfons,Shorthill,ashorthill2t@acquirethisname.com,19,Male,widowed,No,Yes,No
103,Vaclav,Kilby,vkilby2u@sakura.ne.jp,21,Male,married,No,Yes,Yes
104,Skipp,Asplin,sasplin2v@netlog.com,21,Male,single,Yes,Yes,Yes
105,Lynde,Outhwaite,louthwaite2w@slate.com,22,Female,widowed,Yes,Yes,No
106,Lenard,Pepall,lpepall2x@cbslocal.com,30,Male,married,Yes,Yes,No
107,Lewiss,Kyngdon,lkyngdon2y@epa.gov,35,Male,widowed,No,No,No
108,Kerwin,Feeney,kfeeney2z@pagesperso-orange.fr,44,Male,divorced,Yes,No,Yes
109,Lita,Paffot,lpaffot30@123-reg.co.uk,27,Female,widowed,No,Yes,No
110,Lauren,Jowling,ljowling31@discovery.com,46,Female,widowed,Yes,Yes,Yes
111,Oliviero,Settle,osettle32@comsenz.com,43,Male,divorced,Yes,Yes,No
112,Trudi,Kervin,tkervin33@issuu.com,33,Female,single,No,Yes,No
113,Terry,Fain,tfain34@edublogs.org,41,Male,divorced,No,No,No
114,Nan,Grimsey,ngrimsey35@miibeian.gov.cn,32,Female,single,No,No,Yes
115,Irene,Hrinishin,ihrinishin36@accuweather.com,24,Female,divorced,Yes,No,Yes
116,Emmalee,Vaud,evaud37@csmonitor.com,24,Female,single,No,Yes,No
117,Eal,Maynard,emaynard38@weibo.com,45,Male,widowed,Yes,No,Yes
118,Hughie,Woolhouse,hwoolhouse39@mapquest.com,62,Male,divorced,No,Yes,No
119,Ki,Mourgue,kmourgue3a@google.ca,14,Female,married,Yes,No,No
120,Melodee,Vlasenko,mvlasenko3b@auda.org.au,30,Female,married,Yes,Yes,No
121,Johny,Hirsthouse,jhirsthouse3c@feedburner.com,27,Male,married,No,No,No
122,Taite,Condliffe,tcondliffe3d@independent.co.uk,51,Male,widowed,Yes,No,Yes
123,Idalina,Gamet,igamet3e@seattletimes.com,27,Female,single,No,Yes,No
124,Lamond,Sugar,lsugar3f@shinystat.com,55,Male,widowed,No,No,Yes
125,Jacques,Brimfield,jbrimfield3g@nhs.uk,64,Male,widowed,No,No,No
126,Benedick,Ameer-Beg,bameerbeg3h@issuu.com,38,Male,widowed,No,No,Yes
127,Erny,Jacqueminot,ejacqueminot3i@dmoz.org,35,Male,single,Yes,Yes,Yes
128,Lyndy,Dillintone,ldillintone3j@telegraph.co.uk,40,Female,single,No,No,Yes
129,Eddy,Howard,ehoward3k@51.la,61,Female,widowed,Yes,No,Yes
130,Starlene,Watters,swatters3l@theglobeandmail.com,40,Female,married,No,No,Yes
131,Chryste,Crowley,ccrowley3m@weibo.com,21,Female,married,No,Yes,Yes
132,Courtenay,Harraway,charraway3n@phoca.cz,19,Female,widowed,No,Yes,Yes
133,Alfonso,Heaphy,aheaphy3o@independent.co.uk,61,Male,single,No,No,No
134,Manolo,Hurworth,mhurworth3p@youku.com,38,Male,single,No,No,Yes
135,Dominique,Scrine,dscrine3q@newsvine.com,44,Male,married,Yes,No,No
136,Adelice,Rabjohn,arabjohn3r@wiley.com,19,Female,widowed,No,No,Yes
137,Devonna,Bratton,dbratton3s@icq.com,44,Female,married,Yes,Yes,Yes
138,Madella,Snoddon,msnoddon3t@youtube.com,51,Female,married,Yes,No,No
139,Marcellina,Offill,moffill3u@php.net,59,Female,married,Yes,No,Yes
140,Granville,Matessian,gmatessian3v@nifty.com,30,Male,single,No,No,No
141,Nicoline,Ruddle,nruddle3w@tmall.com,51,Female,married,No,No,Yes
142,Myrvyn,Castelin,mcastelin3x@hao123.com,29,Male,single,Yes,No,Yes
143,Cicily,MacAdam,cmacadam3y@4shared.com,41,Female,divorced,Yes,Yes,Yes
144,Giffer,Hambric,ghambric3z@disqus.com,14,Male,single,No,No,No
145,Reginauld,Penlington,rpenlington40@squarespace.com,36,Male,widowed,No,No,Yes
146,Pryce,Rozier,prozier41@bluehost.com,19,Female,divorced,No,Yes,No
147,Nataniel,Wheeler,nwheeler42@chron.com,18,Male,married,No,Yes,No
148,Sherri,Ingman,singman43@cam.ac.uk,20,Female,divorced,Yes,No,No
149,Skippie,Matthewman,smatthewman44@unesco.org,56,Male,divorced,No,No,No
150,Carlin,Ayscough,cayscough45@prlog.org,22,Female,divorced,Yes,No,No
151,Kippie,Batecok,kbatecok46@usatoday.com,40,Male,married,Yes,No,No
152,Corabel,Grier,cgrier47@issuu.com,61,Female,single,No,No,Yes
153,Brynn,Gentner,bgentner48@salon.com,53,Female,widowed,Yes,Yes,Yes
154,Quinn,Bratchell,qbratchell49@prweb.com,41,Male,divorced,Yes,No,No
155,Kinny,Wynn,kwynn4a@wired.com,16,Female,widowed,Yes,No,Yes
156,Griffin,Peschka,gpeschka4b@usa.gov,15,Male,single,No,Yes,Yes
157,Casar,Tithecott,ctithecott4c@dagondesign.com,41,Male,widowed,Yes,No,Yes
158,Gustavus,Prew,gprew4d@senate.gov,27,Male,married,No,Yes,No
159,Justine,Emanulsson,jemanulsson4e@microsoft.com,58,Female,married,No,Yes,Yes
160,Biddie,Peniman,bpeniman4f@prweb.com,55,Female,divorced,No,Yes,Yes
161,Jenn,Abrahamsohn,jabrahamsohn4g@forbes.com,58,Female,married,Yes,Yes,Yes
162,Hamid,Hamelyn,hhamelyn4h@friendfeed.com,19,Male,single,Yes,No,Yes
163,Norri,Wardesworth,nwardesworth4i@purevolume.com,16,Female,single,No,Yes,No
164,Babb,Conklin,bconklin4j@e-recht24.de,23,Female,widowed,Yes,Yes,No
165,Jennette,Sheffield,jsheffield4k@i2i.jp,39,Female,married,Yes,Yes,Yes
166,Fiona,Boscher,fboscher4l@icq.com,52,Female,widowed,Yes,No,Yes
167,Valeda,Standfield,vstandfield4m@newsvine.com,37,Female,divorced,No,No,No
168,Lise,Turl,lturl4n@salon.com,59,Female,single,Yes,Yes,Yes
169,Veriee,Dauncey,vdauncey4o@cpanel.net,54,Female,single,Yes,Yes,No
170,Kipp,Nowick,knowick4p@issuu.com,56,Female,widowed,Yes,Yes,No
171,Larisa,Gunstone,lgunstone4q@pagesperso-orange.fr,30,Female,divorced,No,Yes,No
172,Nadeen,Idenden,nidenden4r@pagesperso-orange.fr,41,Female,widowed,No,No,No
173,Catharine,MacCallester,cmaccallester4s@un.org,56,Female,single,No,No,No
174,Roselia,Stokes,rstokes4t@skype.com,48,Female,widowed,No,Yes,Yes
175,Charles,Skaif,cskaif4u@cdc.gov,46,Male,single,Yes,No,Yes
176,Edgardo,Giacoboni,egiacoboni4v@squarespace.com,23,Male,divorced,No,Yes,Yes
177,Joe,McKelvey,jmckelvey4w@biglobe.ne.jp,63,Male,single,Yes,No,Yes
178,Nikos,Raithbie,nraithbie4x@hud.gov,34,Male,married,Yes,Yes,No
179,Dorry,McCree,dmccree4y@home.pl,45,Female,single,Yes,Yes,Yes
180,Sunny,Fripp,sfripp4z@wordpress.org,18,Female,widowed,Yes,No,No
181,Hadria,Burchett,hburchett50@4shared.com,41,Female,divorced,No,No,No
182,Mellisent,Lambkin,mlambkin51@usatoday.com,57,Female,divorced,No,No,No
183,Umeko,Firidolfi,ufiridolfi52@multiply.com,40,Female,married,Yes,Yes,Yes
184,Corney,Saurat,csaurat53@google.pl,52,Male,single,Yes,No,No
185,Gale,Kienzle,gkienzle54@paginegialle.it,40,Male,widowed,No,No,No
186,Ruby,Ballam,rballam55@fda.gov,14,Male,single,No,No,Yes
187,Leola,Kirkam,lkirkam56@webeden.co.uk,21,Female,widowed,Yes,No,No
188,Laurella,Gilstoun,lgilstoun57@samsung.com,36,Female,married,No,Yes,No
189,Waldon,Sergeant,wsergeant58@google.com,30,Male,single,No,Yes,Yes
190,Angy,Rillett,arillett59@epa.gov,23,Female,single,No,No,Yes
191,Elisha,Cowperthwaite,ecowperthwaite5a@google.de,28,Female,divorced,No,No,No
192,Jody,Savell,jsavell5b@sogou.com,48,Female,single,No,No,Yes
193,Stephen,Ivantyev,sivantyev5c@live.com,48,Male,widowed,No,Yes,No
194,Jourdain,Rosgen,jrosgen5d@sciencedirect.com,42,Male,single,Yes,Yes,No
195,Edgar,Sharrocks,esharrocks5e@google.ca,49,Male,single,No,No,Yes
196,Toinette,Croston,tcroston5f@oracle.com,17,Female,divorced,No,Yes,Yes
197,Herb,Yakebovitch,hyakebovitch5g@hud.gov,58,Male,married,No,Yes,No
198,Ingra,Oles,ioles5h@hugedomains.com,23,Male,married,Yes,No,Yes
199,Esteban,Houselee,ehouselee5i@sphinn.com,52,Male,divorced,Yes,No,Yes
200,Barbaraanne,Audsley,baudsley5j@squarespace.com,24,Female,divorced,No,No,No
201,Ado,Risley,arisley5k@digg.com,40,Male,single,No,Yes,No
202,Daune,Browning,dbrowning5l@istockphoto.com,15,Female,divorced,No,Yes,Yes
203,Sharleen,Wortley,swortley5m@house.gov,16,Female,divorced,No,No,No
204,Mathew,Enderlein,menderlein5n@ox.ac.uk,21,Male,single,Yes,No,Yes
205,Amaleta,Snoden,asnoden5o@netlog.com,15,Female,single,No,No,Yes
206,Chloe,Sadat,csadat5p@w3.org,33,Female,married,Yes,Yes,No
207,Corrie,Tozer,ctozer5q@diigo.com,22,Male,married,Yes,Yes,No
208,Buddie,Brock,bbrock5r@deviantart.com,20,Male,widowed,No,No,No
209,Flory,Etchell,fetchell5s@goo.gl,28,Male,married,No,No,No
210,Rora,Dorbin,rdorbin5t@oracle.com,43,Female,divorced,No,No,Yes
211,Maddy,Dansey,mdansey5u@nasa.gov,26,Female,widowed,Yes,Yes,No
212,Brion,Fahey,bfahey5v@blogtalkradio.com,31,Male,single,No,No,Yes
213,Randolf,Gillespey,rgillespey5w@netvibes.com,49,Male,single,Yes,Yes,Yes
214,Janeen,Wrighton,jwrighton5x@weebly.com,63,Female,single,No,Yes,Yes
215,Langsdon,Marcroft,lmarcroft5y@angelfire.com,54,Male,married,Yes,Yes,Yes
216,Isidro,Knappen,iknappen5z@hhs.gov,19,Male,widowed,No,Yes,Yes
217,Pamela,Steckings,psteckings60@mozilla.org,29,Female,divorced,No,No,No
218,Marcela,Plaxton,mplaxton61@hibu.com,19,Female,single,Yes,No,Yes
219,Viviyan,Emerine,vemerine62@examiner.com,14,Female,divorced,Yes,Yes,Yes
220,Caz,Clitsome,cclitsome63@unblog.fr,14,Male,widowed,Yes,No,No
221,Osbourn,Habbon,ohabbon64@yelp.com,58,Male,single,No,Yes,Yes
222,Pattie,Joyce,pjoyce65@histats.com,22,Female,widowed,Yes,Yes,Yes
223,Marco,Fegan,mfegan66@vinaora.com,50,Male,widowed,Yes,Yes,No
224,Evered,Hayller,ehayller67@about.com,45,Male,widowed,Yes,Yes,No
225,Meir,Tassell,mtassell68@sciencedirect.com,48,Male,divorced,No,Yes,No
226,Bucky,Barnicott,bbarnicott69@oaic.gov.au,62,Male,divorced,Yes,No,No
227,Arlette,Hurd,ahurd6a@com.com,37,Female,divorced,No,No,No
228,Adela,Hurt,ahurt6b@hatena.ne.jp,15,Female,married,No,Yes,Yes
229,Spense,Carabine,scarabine6c@flickr.com,18,Male,divorced,Yes,Yes,Yes
230,Moira,Beney,mbeney6d@twitpic.com,61,Female,married,Yes,Yes,No
231,Phillipe,D'Cruze,pdcruze6e@dedecms.com,59,Male,single,Yes,No,No
232,Page,Beaney,pbeaney6f@marketwatch.com,52,Female,single,Yes,Yes,No
233,Alvan,Radolf,aradolf6g@webnode.com,38,Male,widowed,Yes,Yes,No
234,Lanita,Shapcote,lshapcote6h@ask.com,14,Female,single,No,Yes,No
235,Whit,Parramore,wparramore6i@cnbc.com,42,Male,single,No,Yes,Yes
236,Doy,Medlin,dmedlin6j@vinaora.com,27,Male,married,Yes,Yes,Yes
237,Sibyl,Adenot,sadenot6k@house.gov,44,Male,widowed,Yes,No,No
238,Grantham,Oldfield-Cherry,goldfieldcherry6l@sourceforge.net,30,Male,divorced,No,Yes,Yes
239,Ara,Prydie,aprydie6m@amazonaws.com,34,Male,single,No,Yes,Yes
240,Riane,Dussy,rdussy6n@posterous.com,29,Female,widowed,No,Yes,Yes
241,Glyn,Reitenbach,greitenbach6o@newyorker.com,26,Male,divorced,No,No,No
242,Gerry,Randlesome,grandlesome6p@godaddy.com,20,Male,widowed,No,No,Yes
243,Phillipp,Baraclough,pbaraclough6q@posterous.com,55,Male,widowed,No,Yes,Yes
244,Rosana,Southerns,rsoutherns6r@twitter.com,32,Female,divorced,No,No,Yes
245,Neddie,Lydiard,nlydiard6s@addtoany.com,61,Male,widowed,No,Yes,Yes
246,Rafe,Canto,rcanto6t@meetup.com,38,Male,divorced,Yes,No,No
247,Danica,Kliesl,dkliesl6u@dedecms.com,39,Female,single,Yes,Yes,No
248,Rodolfo,Tunmore,rtunmore6v@drupal.org,22,Male,divorced,No,No,Yes
249,Joli,Yeandel,jyeandel6w@macromedia.com,27,Female,single,Yes,No,Yes
250,Corene,Glanton,cglanton6x@pcworld.com,14,Female,married,Yes,No,Yes
251,Jori,Skewes,jskewes6y@godaddy.com,29,Female,married,No,No,Yes
252,Claudell,Zanazzi,czanazzi6z@wikimedia.org,39,Male,divorced,No,Yes,No
253,Jennine,Bingall,jbingall70@tuttocitta.it,57,Female,widowed,No,Yes,Yes
254,Rebecka,Labet,rlabet71@vistaprint.com,18,Female,divorced,No,No,No
255,Thane,Crowch,tcrowch72@quantcast.com,62,Male,single,Yes,Yes,No
256,Cecil,Brithman,cbrithman73@furl.net,62,Male,divorced,Yes,No,Yes
257,Gorden,Arons,garons74@tiny.cc,49,Male,divorced,Yes,Yes,No
258,Portie,Haddeston,phaddeston75@ameblo.jp,31,Male,widowed,No,No,No
259,Courtney,Molloy,cmolloy76@who.int,60,Female,single,No,No,No
260,Haily,Havesides,hhavesides77@loc.gov,15,Female,single,No,Yes,No
261,Cyndy,Ofer,cofer78@ask.com,25,Female,widowed,No,Yes,Yes
262,Audra,Goodwill,agoodwill79@smh.com.au,16,Female,divorced,Yes,No,Yes
263,Henri,Bertomieu,hbertomieu7a@newyorker.com,13,Male,single,No,Yes,No
264,Darius,Cyster,dcyster7b@acquirethisname.com,20,Male,divorced,Yes,No,No
265,Donni,Schulze,dschulze7c@angelfire.com,45,Female,married,No,Yes,No
266,Patrizia,Brummell,pbrummell7d@businessweek.com,60,Female,single,No,Yes,No
267,Waldon,Richford,wrichford7e@privacy.gov.au,33,Male,single,No,No,No
268,Ailey,Bricksey,abricksey7f@bigcartel.com,15,Female,widowed,Yes,No,No
269,Patrizius,Medeway,pmedeway7g@mlb.com,34,Male,divorced,No,Yes,No
270,Vin,Mulbry,vmulbry7h@latimes.com,48,Female,married,Yes,No,No
271,Pietro,Guinn,pguinn7i@mlb.com,58,Male,widowed,No,Yes,Yes
272,Raffaello,Welbelove,rwelbelove7j@google.nl,32,Male,divorced,No,No,No
273,Julianna,Boshere,jboshere7k@yahoo.com,50,Female,widowed,No,Yes,Yes
274,Jarad,Larroway,jlarroway7l@instagram.com,37,Male,single,Yes,No,Yes
275,Abie,Antoni,aantoni7m@bloglines.com,30,Male,single,No,No,Yes
276,Barnabas,Leamy,bleamy7n@smugmug.com,27,Male,married,Yes,No,Yes
277,Bil,Hollidge,bhollidge7o@ucla.edu,13,Male,married,Yes,Yes,Yes
278,Cordy,Hurren,churren7p@twitter.com,23,Male,divorced,No,No,Yes
279,Sorcha,Nashe,snashe7q@cyberchimps.com,41,Female,widowed,No,No,No
280,Eveleen,Pummell,epummell7r@so-net.ne.jp,44,Female,married,Yes,Yes,No
281,Rawley,Eyckelbeck,reyckelbeck7s@altervista.org,18,Male,married,Yes,No,Yes
282,Xenia,Hrus,xhrus7t@dion.ne.jp,43,Female,widowed,No,No,Yes
283,Bear,Mantrup,bmantrup7u@ihg.com,29,Male,married,No,No,Yes
284,Sherie,Murdy,smurdy7v@wikispaces.com,53,Female,single,Yes,Yes,Yes
285,Harbert,Drayn,hdrayn7w@mashable.com,47,Male,married,No,No,Yes
286,Georgia,Kamall,gkamall7x@shinystat.com,21,Female,married,Yes,Yes,Yes
287,Layney,Lago,llago7y@yahoo.com,39,Female,divorced,No,No,No
288,Maire,Hedditch,mhedditch7z@scribd.com,43,Female,single,No,No,No
289,Ashbey,Drysdell,adrysdell80@qq.com,62,Male,divorced,No,No,Yes
290,Bellanca,Berardt,bberardt81@samsung.com,33,Female,widowed,No,Yes,Yes
291,Bryant,Willbond,bwillbond82@un.org,56,Male,divorced,No,Yes,No
292,Raf,Carmody,rcarmody83@japanpost.jp,48,Female,married,No,Yes,Yes
293,Tanner,Vankov,tvankov84@discovery.com,51,Male,divorced,Yes,Yes,Yes
294,Peyton,Oxford,poxford85@wikipedia.org,30,Male,widowed,Yes,No,No
295,Terrel,Rizzone,trizzone86@admin.ch,14,Male,divorced,Yes,Yes,Yes
296,Loralee,Emmett,lemmett87@ucoz.com,17,Female,married,No,Yes,Yes
297,Glynda,Gergler,ggergler88@facebook.com,56,Female,single,No,No,Yes
298,Barb,Leggin,bleggin89@google.com.au,20,Female,widowed,Yes,Yes,No
299,Berkeley,Dunlop,bdunlop8a@liveinternet.ru,63,Male,divorced,Yes,No,Yes
300,Lanie,Banke,lbanke8b@google.fr,33,Female,widowed,No,Yes,No
301,Wendell,Zylbermann,wzylbermann8c@jalbum.net,50,Male,single,Yes,Yes,No
302,Norene,Ritchman,nritchman8d@earthlink.net,17,Female,divorced,Yes,Yes,Yes
303,Merrilee,Vlies,mvlies8e@noaa.gov,42,Female,single,No,No,Yes
304,Kareem,MacDavitt,kmacdavitt8f@npr.org,16,Male,divorced,No,Yes,No
305,Avery,Wison,awison8g@wordpress.com,31,Female,single,No,No,No
306,Jeniffer,Presshaugh,jpresshaugh8h@networksolutions.com,55,Female,divorced,Yes,Yes,Yes
307,Esme,Paulitschke,epaulitschke8i@networksolutions.com,52,Female,single,Yes,Yes,No
308,Tova,Lampert,tlampert8j@dailymail.co.uk,45,Female,widowed,No,Yes,No
309,Shelagh,Ramsdale,sramsdale8k@dailymotion.com,41,Female,divorced,Yes,Yes,Yes
310,Antonio,Baudone,abaudone8l@senate.gov,21,Male,married,No,Yes,Yes
311,Mathian,Slimm,mslimm8m@bloomberg.com,37,Male,divorced,No,No,No
312,Carlynne,Ottiwill,cottiwill8n@mayoclinic.com,58,Female,single,Yes,No,No
313,Ivonne,Bourbon,ibourbon8o@reddit.com,31,Female,divorced,No,No,Yes
314,Darleen,Lightwing,dlightwing8p@whitehouse.gov,47,Female,single,Yes,No,No
315,Manuel,Whyborne,mwhyborne8q@miitbeian.gov.cn,32,Male,married,No,No,No
316,Desiree,Lummis,dlummis8r@ox.ac.uk,37,Female,married,Yes,Yes,No
317,Dodi,Linebarger,dlinebarger8s@ameblo.jp,20,Female,widowed,No,No,No
318,Eugenie,Husset,ehusset8t@buzzfeed.com,46,Female,married,Yes,No,No
319,Alain,Trevaskiss,atrevaskiss8u@vk.com,33,Male,divorced,No,Yes,Yes
320,Aguste,De Minico,ademinico8v@themeforest.net,49,Male,widowed,No,No,Yes
321,Sylvia,Blampey,sblampey8w@nhs.uk,33,Female,divorced,Yes,Yes,Yes
322,Aluin,Ewells,aewells8x@utexas.edu,44,Male,married,Yes,No,Yes
323,Fiorenze,Ivancevic,fivancevic8y@hc360.com,16,Female,widowed,Yes,Yes,No
324,Inger,Iacovini,iiacovini8z@google.pl,59,Male,divorced,Yes,Yes,Yes
325,Duky,Ciccetti,dciccetti90@discovery.com,33,Male,single,Yes,Yes,No
326,Bamby,Cronin,bcronin91@ifeng.com,19,Female,widowed,Yes,No,No
327,Marika,Leighfield,mleighfield92@weibo.com,63,Female,married,No,Yes,Yes
328,Gertrudis,Gummery,ggummery93@soup.io,63,Female,divorced,Yes,No,Yes
329,Cherise,Fedoronko,cfedoronko94@vk.com,13,Female,divorced,Yes,Yes,Yes
330,Bartlett,Hartlebury,bhartlebury95@twitter.com,61,Male,widowed,No,Yes,No
331,Asia,Gerasch,agerasch96@slate.com,25,Female,widowed,No,No,No
332,Titus,Rayment,trayment97@wired.com,41,Male,married,Yes,Yes,No
333,Bondie,Duham,bduham98@moonfruit.com,31,Male,single,No,Yes,Yes
334,Rooney,Willas,rwillas99@phoca.cz,13,Male,married,Yes,Yes,Yes
335,Willetta,Barz,wbarz9a@artisteer.com,19,Female,single,Yes,Yes,Yes
336,Zuzana,Meltetal,zmeltetal9b@redcross.org,34,Female,widowed,No,No,Yes
337,Rutledge,Sherer,rsherer9c@aol.com,63,Male,single,Yes,Yes,No
338,Lew,Mattiussi,lmattiussi9d@ibm.com,53,Male,divorced,No,No,Yes
339,Arnuad,Dradey,adradey9e@chron.com,45,Male,married,No,No,Yes
340,Lilias,Targe,ltarge9f@yahoo.com,38,Female,widowed,No,No,No
341,Randie,Boyer,rboyer9g@weibo.com,44,Female,widowed,No,Yes,No
342,Konstantine,Haffenden,khaffenden9h@dagondesign.com,64,Male,single,No,No,Yes
343,Foster,Elvey,felvey9i@rediff.com,23,Male,married,No,No,No
344,Krystal,Mumbeson,kmumbeson9j@instagram.com,28,Female,single,Yes,No,No
345,Cesare,Vasyukov,cvasyukov9k@google.com,25,Male,single,No,Yes,Yes
346,Alick,Hugill,ahugill9l@phoca.cz,37,Male,married,Yes,Yes,No
347,Ali,Geggie,ageggie9m@trellian.com,64,Male,divorced,No,Yes,No
348,Blanca,Rossbrooke,brossbrooke9n@gnu.org,61,Female,widowed,No,No,Yes
349,Allistir,Skinner,askinner9o@va.gov,13,Male,widowed,Yes,No,No
350,Gar,Mates,gmates9p@cyberchimps.com,50,Male,married,No,Yes,No
351,Tim,Trevaskis,ttrevaskis9q@hud.gov,29,Male,single,Yes,No,Yes
352,Bert,Craigs,bcraigs9r@elpais.com,36,Male,widowed,No,No,No
353,Asa,Eales,aeales9s@google.pl,28,Male,married,Yes,No,No
354,Fabian,Youdell,fyoudell9t@usgs.gov,19,Male,divorced,Yes,Yes,No
355,Bianca,Mancer,bmancer9u@eepurl.com,24,Female,married,No,Yes,No
356,Nealon,Floyd,nfloyd9v@sina.com.cn,37,Male,widowed,Yes,No,No
357,Lusa,Keymer,lkeymer9w@51.la,34,Female,widowed,Yes,No,No
358,Bard,Pischof,bpischof9x@icio.us,34,Male,married,No,Yes,Yes
359,Rooney,Jennens,rjennens9y@people.com.cn,35,Female,divorced,Yes,No,No
360,Ammamaria,Crotty,acrotty9z@wiley.com,47,Female,married,No,Yes,Yes
361,Kennith,Hogben,khogbena0@g.co,41,Male,widowed,Yes,No,Yes
362,Monro,Corkill,mcorkilla1@chronoengine.com,50,Male,single,Yes,No,Yes
363,Carita,Dicker,cdickera2@linkedin.com,62,Female,widowed,Yes,Yes,No
364,Wake,Rayne,wraynea3@ifeng.com,26,Male,divorced,No,No,No
365,Natalina,Orrow,norrowa4@eepurl.com,61,Female,single,Yes,Yes,Yes
366,Zechariah,Tottman,ztottmana5@odnoklassniki.ru,45,Male,single,Yes,Yes,No
367,Marta,Dodgson,mdodgsona6@nationalgeographic.com,47,Female,widowed,Yes,No,Yes
368,Holly,McFeat,hmcfeata7@themeforest.net,22,Female,single,No,Yes,No
369,Donnell,Woollacott,dwoollacotta8@clickbank.net,21,Male,married,No,No,Yes
370,Porty,Sleford,psleforda9@mtv.com,16,Male,married,Yes,Yes,Yes
371,Shermy,Fawbert,sfawbertaa@hud.gov,52,Male,divorced,No,No,Yes
372,Teri,Flescher,tflescherab@businessweek.com,48,Female,single,No,Yes,No
373,Isaac,Bowkley,ibowkleyac@themeforest.net,62,Male,married,Yes,No,No
374,Otho,Doale,odoalead@tinypic.com,17,Male,married,Yes,Yes,No
375,Sally,Ivashintsov,sivashintsovae@networksolutions.com,33,Female,divorced,Yes,No,No
376,Victoria,Bucktharp,vbucktharpaf@google.co.jp,22,Female,married,No,No,No
377,Barton,Whiffen,bwhiffenag@dell.com,41,Male,single,Yes,Yes,Yes
378,Winfred,Stallebrass,wstallebrassah@studiopress.com,31,Male,widowed,Yes,No,No
379,Adriena,Whitten,awhittenai@fotki.com,65,Female,single,Yes,Yes,No
380,Aloisia,Eldrett,aeldrettaj@mit.edu,56,Female,single,No,No,Yes
381,Orin,Cottell,ocottellak@g.co,42,Male,married,Yes,No,Yes
382,Adina,Channon,achannonal@t.co,20,Female,single,No,No,No
383,Juliane,Lorrie,jlorrieam@w3.org,41,Female,single,No,No,Yes
384,Pammie,Sandercock,psandercockan@discovery.com,58,Female,divorced,Yes,No,No
385,Dagmar,Inett,dinettao@mapy.cz,34,Female,married,Yes,No,Yes
386,Cobbie,Cabbell,ccabbellap@shutterfly.com,26,Male,single,No,No,Yes
387,Wren,Sinkin,wsinkinaq@rambler.ru,40,Female,married,No,No,Yes
388,Jane,Boston,jbostonar@pinterest.com,29,Female,single,No,Yes,Yes
389,Ashely,Salkild,asalkildas@vk.com,42,Female,widowed,Yes,Yes,Yes
390,Mikael,Stileman,mstilemanat@123-reg.co.uk,18,Male,widowed,Yes,Yes,Yes
391,Isaac,Shrimplin,ishrimplinau@facebook.com,37,Male,widowed,Yes,Yes,Yes
392,Cary,Fassbender,cfassbenderav@instagram.com,34,Male,married,No,No,No
393,Robinet,Bergeon,rbergeonaw@woothemes.com,33,Female,married,Yes,No,Yes
394,Gaynor,Boss,gbossax@princeton.edu,25,Female,married,Yes,Yes,Yes
395,Kathlin,Chrstine,kchrstineay@posterous.com,43,Female,married,No,Yes,No
396,Demetria,Cochet,dcochetaz@shareasale.com,21,Female,divorced,No,No,Yes
397,Cele,Ousbie,cousbieb0@google.com.hk,40,Female,single,Yes,No,Yes
398,Thom,Shippam,tshippamb1@1und1.de,32,Male,married,No,Yes,Yes
399,Damaris,Fenn,dfennb2@about.me,54,Female,divorced,Yes,No,Yes
400,Porty,Novkovic,pnovkovicb3@bluehost.com,58,Male,married,Yes,No,Yes
401,Thedric,Wheldon,twheldonb4@weebly.com,52,Male,married,No,Yes,Yes
402,Stuart,Fulger,sfulgerb5@springer.com,21,Male,widowed,Yes,Yes,Yes
403,Nora,Huddart,nhuddartb6@list-manage.com,47,Female,divorced,Yes,No,Yes
404,Ephrem,Richter,erichterb7@blogspot.com,53,Male,divorced,No,No,Yes
405,Westbrook,Farlow,wfarlowb8@huffingtonpost.com,16,Male,divorced,No,Yes,No
406,Cristy,Bramwich,cbramwichb9@fc2.com,56,Female,single,Yes,No,Yes
407,Kerwinn,Trenholme,ktrenholmeba@dion.ne.jp,54,Male,married,No,Yes,Yes
408,Bart,Liebrecht,bliebrechtbb@tripod.com,29,Male,widowed,Yes,No,Yes
409,Yvor,Klimschak,yklimschakbc@taobao.com,62,Male,widowed,No,Yes,Yes
410,Laird,Hegdonne,lhegdonnebd@dmoz.org,64,Male,single,Yes,Yes,Yes
411,Cathy,Kocher,ckocherbe@bigcartel.com,50,Female,divorced,Yes,No,Yes
412,Curtice,Potte,cpottebf@scribd.com,51,Male,married,Yes,Yes,Yes
413,Graham,Oen,goenbg@dmoz.org,15,Male,married,No,No,Yes
414,Cory,Cadney,ccadneybh@independent.co.uk,37,Female,divorced,Yes,Yes,No
415,Abie,Cadany,acadanybi@miibeian.gov.cn,44,Male,single,Yes,No,Yes
416,Walker,Tree,wtreebj@youtube.com,59,Male,widowed,No,Yes,Yes
417,Esmeralda,Ambrogioli,eambrogiolibk@goo.ne.jp,37,Female,divorced,Yes,No,No
418,Heinrick,Hogsden,hhogsdenbl@salon.com,38,Male,widowed,No,No,No
419,Nelli,Hanbidge,nhanbidgebm@mapy.cz,63,Female,widowed,No,No,No
420,Reynard,Sleany,rsleanybn@ucoz.com,43,Male,divorced,No,No,No
421,Bernadene,Advani,badvanibo@mozilla.org,34,Female,single,No,No,Yes
422,Ileana,Battill,ibattillbp@nih.gov,50,Female,divorced,Yes,Yes,No
423,Phillipp,Crowe,pcrowebq@geocities.com,55,Male,widowed,Yes,No,No
424,Wallace,Middlemist,wmiddlemistbr@unesco.org,41,Male,divorced,Yes,Yes,Yes
425,Adda,Gibbons,agibbonsbs@flickr.com,51,Male,married,No,No,Yes
426,Jemima,Ventam,jventambt@infoseek.co.jp,64,Female,widowed,Yes,No,Yes
427,Royce,MacPaike,rmacpaikebu@ca.gov,14,Male,single,No,No,No
428,Ruthi,Stennett,rstennettbv@flavors.me,14,Female,divorced,Yes,No,No
429,Say,Rumsby,srumsbybw@bizjournals.com,41,Male,widowed,Yes,No,No
430,Sonnie,Bossel,sbosselbx@discovery.com,24,Male,divorced,No,Yes,Yes
431,Jacquelyn,Merrick,jmerrickby@google.com.br,16,Female,divorced,Yes,Yes,No
432,Betsey,Hurlestone,bhurlestonebz@cocolog-nifty.com,40,Female,married,Yes,Yes,No
433,Barton,Findley,bfindleyc0@intel.com,42,Male,married,Yes,Yes,Yes
434,Deana,Inworth,dinworthc1@scribd.com,47,Female,single,Yes,No,Yes
435,Valle,Capehorn,vcapehornc2@zdnet.com,58,Male,widowed,Yes,Yes,No
436,Ellery,Hyam,ehyamc3@ycombinator.com,65,Male,married,Yes,No,No
437,Hedwig,Whitloe,hwhitloec4@msn.com,35,Female,divorced,Yes,No,No
438,Trev,Peterken,tpeterkenc5@clickbank.net,47,Male,divorced,Yes,No,Yes
439,Gradeigh,Parham,gparhamc6@thetimes.co.uk,65,Male,divorced,Yes,Yes,Yes
440,Terri-jo,Dilleston,tdillestonc7@springer.com,44,Female,widowed,No,No,No
441,Ingeberg,Pibworth,ipibworthc8@reverbnation.com,41,Female,divorced,Yes,No,No
442,Ewell,Belloch,ebellochc9@youtu.be,18,Male,divorced,Yes,No,Yes
443,Nigel,Florez,nflorezca@cargocollective.com,65,Male,married,No,Yes,Yes
444,Margalit,Cheng,mchengcb@forbes.com,31,Female,married,No,No,No
445,Gib,Carnalan,gcarnalancc@go.com,24,Male,widowed,No,No,No
446,Ahmed,Eastham,aeasthamcd@seesaa.net,45,Male,widowed,No,Yes,No
447,Durward,Frigout,dfrigoutce@quantcast.com,46,Male,widowed,No,No,No
448,Raoul,Megson,rmegsoncf@behance.net,26,Male,widowed,No,No,No
449,Guntar,Faley,gfaleycg@smh.com.au,20,Male,single,Yes,No,No
450,Norbie,Mowat,nmowatch@nytimes.com,51,Male,widowed,Yes,No,Yes
451,Ami,Radnage,aradnageci@multiply.com,51,Female,single,No,Yes,Yes
452,Renato,Burde,rburdecj@nhs.uk,34,Male,divorced,No,No,Yes
453,Edeline,Laugharne,elaugharneck@usgs.gov,21,Female,divorced,Yes,Yes,Yes
454,Georgina,Guise,gguisecl@gizmodo.com,61,Female,divorced,Yes,Yes,Yes
455,Hillie,O'Meara,homearacm@com.com,16,Male,married,No,No,No
456,Jody,Powys,jpowyscn@newsvine.com,33,Male,widowed,Yes,Yes,No
457,Eb,Dumbleton,edumbletonco@prweb.com,46,Male,divorced,No,No,No
458,Brietta,McMurdo,bmcmurdocp@de.vu,13,Female,divorced,Yes,Yes,No
459,Marlin,Prene,mprenecq@hexun.com,25,Male,widowed,No,No,No
460,Lianna,Spanswick,lspanswickcr@lycos.com,54,Female,married,No,Yes,No
461,Jolynn,Schwandt,jschwandtcs@wikispaces.com,50,Female,single,Yes,No,Yes
462,Andrea,Yoslowitz,ayoslowitzct@nbcnews.com,31,Male,married,Yes,No,Yes
463,Christi,Rust,crustcu@weebly.com,49,Female,widowed,No,No,Yes
464,Hermia,O'Gorman,hogormancv@reuters.com,38,Female,divorced,No,No,Yes
465,Violante,Snedden,vsneddencw@artisteer.com,47,Female,single,No,Yes,No
466,Tremaine,Larkby,tlarkbycx@tuttocitta.it,27,Male,single,No,No,No
467,Bennie,Moine,bmoinecy@privacy.gov.au,63,Male,single,Yes,No,No
468,Preston,Heinecke,pheineckecz@theguardian.com,50,Male,single,Yes,No,No
469,Boony,Hatherleigh,bhatherleighd0@shop-pro.jp,15,Male,divorced,Yes,Yes,No
470,Cary,Feavers,cfeaversd1@harvard.edu,64,Male,divorced,No,Yes,No
471,Giavani,Gowrie,ggowried2@privacy.gov.au,18,Male,widowed,Yes,Yes,No
472,Tait,Milne,tmilned3@multiply.com,38,Male,single,Yes,Yes,No
473,Philippine,Ceci,pcecid4@berkeley.edu,44,Female,married,Yes,No,No
474,Sebastiano,Braun,sbraund5@ucsd.edu,64,Male,married,Yes,No,Yes
475,Angelina,O'Hegertie,aohegertied6@sogou.com,21,Female,married,No,No,Yes
476,Erna,Branchett,ebranchettd7@epa.gov,29,Female,widowed,No,No,No
477,Jamaal,Brient,jbrientd8@networksolutions.com,29,Male,single,No,Yes,Yes
478,Rudolf,Riolfi,rriolfid9@linkedin.com,31,Male,single,Yes,Yes,No
479,Dalton,Baszniak,dbaszniakda@google.de,34,Male,widowed,Yes,Yes,No
480,Flora,Sauter,fsauterdb@naver.com,62,Female,widowed,Yes,Yes,No
481,Bertram,Spens,bspensdc@mediafire.com,35,Male,widowed,Yes,No,Yes
482,Osgood,Foreman,oforemandd@pagesperso-orange.fr,31,Male,single,Yes,No,No
483,Ambrose,Trenbey,atrenbeyde@bloomberg.com,23,Male,married,No,No,Yes
484,Inga,Avann,iavanndf@aboutads.info,17,Female,widowed,Yes,No,Yes
485,Yorgo,Simmell,ysimmelldg@moonfruit.com,34,Male,married,No,No,No
486,Manny,Martinyuk,mmartinyukdh@msu.edu,64,Male,divorced,No,No,Yes
487,Langston,Stammirs,lstammirsdi@wikipedia.org,26,Male,married,No,No,Yes
488,Analiese,Stigger,astiggerdj@whitehouse.gov,53,Female,single,No,Yes,No
489,Aurelie,Dutson,adutsondk@jigsy.com,42,Female,divorced,Yes,Yes,No
490,Sadella,Parratt,sparrattdl@photobucket.com,46,Female,married,No,Yes,Yes
491,Sterling,Demcak,sdemcakdm@amazonaws.com,29,Male,single,Yes,No,Yes
492,Ossie,Warhurst,owarhurstdn@networksolutions.com,57,Male,divorced,Yes,No,Yes
493,Estevan,Creamen,ecreamendo@feedburner.com,50,Male,single,No,Yes,No
494,Selena,Kropach,skropachdp@github.io,46,Female,single,No,Yes,Yes
495,Susanne,Vesco,svescodq@mashable.com,65,Female,single,No,No,Yes
496,Codi,Bertie,cbertiedr@jimdo.com,43,Male,single,Yes,Yes,No
497,Wynn,Burling,wburlingds@51.la,32,Male,widowed,Yes,No,No
498,Lila,Coverly,lcoverlydt@shop-pro.jp,19,Female,married,Yes,Yes,Yes
499,Herman,Stogill,hstogilldu@nydailynews.com,18,Male,single,Yes,Yes,No
500,Dru,Wyldes,dwyldesdv@sitemeter.com,32,Male,married,No,No,No
501,Rosaline,Lumm,rlummdw@blogger.com,63,Female,widowed,Yes,No,No
502,Jarrett,Dukesbury,jdukesburydx@quantcast.com,15,Male,single,Yes,Yes,No
503,Taylor,Diter,tditerdy@plala.or.jp,20,Male,divorced,No,Yes,Yes
504,Borden,Cranston,bcranstondz@printfriendly.com,47,Male,single,Yes,Yes,No
505,Abner,Schirok,aschiroke0@amazon.com,64,Male,divorced,No,No,Yes
506,Drusilla,Eads,deadse1@reuters.com,25,Female,divorced,Yes,Yes,No
507,Taddeo,Clemitt,tclemitte2@wikia.com,30,Male,single,No,No,Yes
508,Tomas,Comfort,tcomforte3@e-recht24.de,26,Male,single,Yes,Yes,No
509,Iago,Drever,idrevere4@cafepress.com,23,Male,widowed,No,Yes,Yes
510,Kirbie,Heinish,kheinishe5@ed.gov,48,Female,divorced,No,No,Yes
511,Glory,Temporal,gtemporale6@oracle.com,31,Female,single,No,Yes,Yes
512,Brew,Roget,brogete7@blinklist.com,24,Male,widowed,No,No,No
513,Daniel,Franca,dfrancae8@npr.org,40,Male,divorced,Yes,Yes,No
514,Fayette,Swalwel,fswalwele9@instagram.com,32,Female,divorced,Yes,Yes,Yes
515,Abraham,Lowen,alowenea@hhs.gov,32,Male,divorced,Yes,No,Yes
516,Aldwin,Frango,afrangoeb@mediafire.com,55,Male,single,No,No,Yes
517,Fremont,Luscott,fluscottec@dropbox.com,50,Male,married,Yes,Yes,Yes
518,Phoebe,Semor,psemored@myspace.com,60,Female,single,No,No,Yes
519,Nedi,Willows,nwillowsee@soup.io,58,Female,widowed,No,No,Yes
520,Lucien,Derbyshire,lderbyshireef@gov.uk,44,Male,married,Yes,Yes,No
521,Peta,Olive,poliveeg@webeden.co.uk,38,Female,single,No,Yes,Yes
522,Alvis,Brassington,abrassingtoneh@tripod.com,23,Male,widowed,Yes,Yes,No
523,Gilberte,Swindells,gswindellsei@tumblr.com,50,Female,divorced,Yes,No,No
524,Tannie,Ioannidis,tioannidisej@columbia.edu,31,Male,single,Yes,No,Yes
525,My,Gellan,mgellanek@pinterest.com,24,Male,divorced,No,Yes,No
526,Taylor,Quiddihy,tquiddihyel@ebay.com,43,Male,divorced,No,Yes,No
527,Aleksandr,Strettell,astrettellem@pagesperso-orange.fr,19,Male,divorced,No,No,Yes
528,Sarita,Blackborough,sblackboroughen@jiathis.com,65,Female,single,Yes,No,Yes
529,Cami,Sodeau,csodeaueo@yolasite.com,56,Female,divorced,No,Yes,No
530,Nikolia,Campo,ncampoep@usnews.com,28,Female,married,No,No,No
531,Cathi,Runnett,crunnetteq@mediafire.com,19,Female,single,No,No,Yes
532,Nick,Wichard,nwicharder@desdev.cn,15,Male,married,No,No,No
533,Elissa,Menelaws,emenelawses@slashdot.org,37,Female,married,Yes,Yes,No
534,Tiler,Casetta,tcasettaet@elpais.com,49,Male,divorced,Yes,No,Yes
535,Sada,Quidenham,squidenhameu@apache.org,44,Female,widowed,No,No,Yes
536,Ikey,Burnup,iburnupev@gnu.org,16,Male,divorced,Yes,No,No
537,Kevon,Ortega,kortegaew@paginegialle.it,55,Male,widowed,No,No,No
538,Kipper,Bartolini,kbartoliniex@tinypic.com,45,Male,single,Yes,No,No
539,Kylila,Le feuvre,klefeuvreey@indiegogo.com,65,Female,single,Yes,Yes,Yes
540,Laurena,Pedgrift,lpedgriftez@t-online.de,57,Female,divorced,No,No,No
541,Emalee,Guirardin,eguirardinf0@taobao.com,59,Female,widowed,Yes,No,No
542,Moria,Eyckelberg,meyckelbergf1@mapquest.com,32,Female,married,No,Yes,No
543,Massimiliano,Crisp,mcrispf2@nps.gov,17,Male,widowed,Yes,No,No
544,Giovanni,Haycock,ghaycockf3@t-online.de,53,Male,single,Yes,No,No
545,Josiah,Pobjoy,jpobjoyf4@discuz.net,51,Male,married,No,No,No
546,Jerry,Toretta,jtorettaf5@webnode.com,45,Male,married,No,Yes,No
547,Steffie,Peyton,speytonf6@google.fr,34,Female,widowed,No,Yes,No
548,Yvor,Mattityahou,ymattityahouf7@dion.ne.jp,32,Male,divorced,No,No,Yes
549,Avivah,Burtwhistle,aburtwhistlef8@storify.com,37,Female,widowed,No,No,Yes
550,Odelle,Passler,opasslerf9@biblegateway.com,37,Female,widowed,No,No,Yes
551,Tildy,Clist,tclistfa@wisc.edu,27,Female,married,No,Yes,Yes
552,Mercy,Muncie,mmunciefb@usgs.gov,38,Female,widowed,No,No,Yes
553,Vinson,Wildbore,vwildborefc@jigsy.com,21,Male,divorced,No,Yes,Yes
554,Magnum,Gusney,mgusneyfd@springer.com,63,Male,single,No,No,No
555,Rowe,Magrane,rmagranefe@state.tx.us,49,Female,married,Yes,Yes,No
556,Bud,Fold,bfoldff@virginia.edu,33,Male,single,Yes,Yes,Yes
557,Farlie,Eliassen,feliassenfg@webeden.co.uk,47,Female,single,No,Yes,No
558,Mozes,Cerro,mcerrofh@dot.gov,51,Male,divorced,No,Yes,Yes
559,Liva,Stuckey,lstuckeyfi@webeden.co.uk,31,Female,divorced,Yes,Yes,Yes
560,Shannon,Lawley,slawleyfj@springer.com,52,Female,divorced,No,Yes,No
561,Ethelin,Habbes,ehabbesfk@state.gov,14,Female,single,No,Yes,Yes
562,Vivien,Daltry,vdaltryfl@opensource.org,45,Female,single,No,Yes,No
563,Teodoro,Blore,tblorefm@usgs.gov,19,Male,divorced,Yes,No,No
564,Udale,Riccione,uriccionefn@howstuffworks.com,23,Male,divorced,Yes,Yes,No
565,Claudia,Hartlebury,chartleburyfo@samsung.com,43,Female,married,No,No,No
566,Knox,Vellden,kvelldenfp@whitehouse.gov,55,Male,divorced,No,No,Yes
567,Brandea,Kimble,bkimblefq@google.co.uk,58,Female,divorced,No,No,No
568,Noel,Pardy,npardyfr@google.ca,37,Male,widowed,No,No,No
569,Adore,Petrasch,apetraschfs@sitemeter.com,32,Female,widowed,No,Yes,Yes
570,Ag,Gillinghams,agillinghamsft@taobao.com,50,Female,divorced,Yes,Yes,Yes
571,Cristal,Thorwarth,cthorwarthfu@lycos.com,30,Female,single,Yes,No,No
572,Agustin,Bustard,abustardfv@fc2.com,34,Male,married,No,Yes,No
573,Lilias,Eilhart,leilhartfw@example.com,44,Female,married,No,Yes,Yes
574,Carr,Claypole,cclaypolefx@i2i.jp,32,Male,married,Yes,No,Yes
575,Lynde,Rawlyns,lrawlynsfy@topsy.com,64,Female,single,Yes,No,Yes
576,Ara,Skipworth,askipworthfz@vimeo.com,19,Male,single,Yes,Yes,No
577,Sylvester,Whittlesee,swhittleseeg0@upenn.edu,23,Male,divorced,No,Yes,No
578,Jefferson,Kall,jkallg1@domainmarket.com,29,Male,divorced,No,No,No
579,Kathi,Cisland,kcislandg2@amazon.co.uk,40,Male,widowed,Yes,Yes,No
580,Arden,Rantoul,arantoulg3@microsoft.com,44,Female,widowed,Yes,Yes,Yes
581,Norry,Winpenny,nwinpennyg4@sourceforge.net,59,Male,widowed,No,No,Yes
582,Rich,Desborough,rdesboroughg5@netlog.com,57,Female,divorced,No,No,No
583,Lura,Cuffe,lcuffeg6@mtv.com,28,Female,widowed,Yes,No,Yes
584,Hurley,Baum,hbaumg7@topsy.com,31,Male,divorced,Yes,No,No
585,Sherman,Crawley,scrawleyg8@google.ru,55,Male,widowed,No,Yes,Yes
586,Anallise,Colmer,acolmerg9@chicagotribune.com,57,Female,single,No,No,Yes
587,Darb,Asals,dasalsga@alexa.com,62,Female,divorced,Yes,No,Yes
588,Herby,Ewan,hewangb@nsw.gov.au,40,Female,single,No,No,No
589,Zared,Sedgefield,zsedgefieldgc@cocolog-nifty.com,15,Male,divorced,Yes,No,No
590,Allyn,Baignard,abaignardgd@uiuc.edu,42,Female,widowed,Yes,No,Yes
591,Robbyn,Simm,rsimmge@t.co,37,Female,married,Yes,No,Yes
592,Margarete,Nielson,mnielsongf@psu.edu,20,Female,divorced,Yes,No,Yes
593,Robinia,Rosoman,rrosomangg@webs.com,33,Female,married,Yes,Yes,Yes
594,Emmanuel,Marklow,emarklowgh@sogou.com,28,Male,single,No,No,No
595,Wainwright,Tynan,wtynangi@ibm.com,46,Male,single,No,Yes,No
596,Sylvan,Kernell,skernellgj@google.pl,61,Male,married,No,No,No
597,Reena,McIlwaine,rmcilwainegk@guardian.co.uk,58,Female,single,Yes,Yes,No
598,Lizzy,Chasteau,lchasteaugl@npr.org,15,Female,divorced,Yes,Yes,No
599,Celie,Leaburn,cleaburngm@mlb.com,35,Female,divorced,Yes,No,Yes
600,Drucill,Weddup,dweddupgn@quantcast.com,33,Female,widowed,Yes,No,No
601,Buddy,Heard,bheardgo@fda.gov,20,Male,widowed,Yes,No,Yes
602,Turner,Lehrian,tlehriangp@jugem.jp,26,Male,single,Yes,No,No
603,Gan,Roke,grokegq@diigo.com,22,Male,widowed,No,No,No
604,Cory,McClements,cmcclementsgr@hostgator.com,25,Male,divorced,Yes,Yes,Yes
605,Nealon,Bilbey,nbilbeygs@si.edu,14,Male,married,No,Yes,Yes
606,Tammie,Weagener,tweagenergt@jugem.jp,42,Female,single,Yes,Yes,No
607,Gisele,Lanfear,glanfeargu@reddit.com,49,Female,widowed,Yes,No,Yes
608,Brucie,Igonet,bigonetgv@com.com,47,Male,widowed,Yes,No,Yes
609,Tomas,Zold,tzoldgw@businessweek.com,50,Male,divorced,No,No,Yes
610,Ailey,Beaglehole,abeagleholegx@4shared.com,29,Female,divorced,Yes,Yes,Yes
611,Waldon,Shelmerdine,wshelmerdinegy@ucoz.ru,56,Male,single,Yes,No,Yes
612,Blancha,Ficken,bfickengz@phoca.cz,23,Female,divorced,No,Yes,No
613,Julie,Imms,jimmsh0@ucoz.com,64,Male,single,Yes,No,No
614,Anette,Hedde,aheddeh1@google.co.uk,31,Female,single,No,Yes,No
615,Kassi,Pogue,kpogueh2@webmd.com,50,Female,widowed,No,No,Yes
616,Wendeline,Croix,wcroixh3@linkedin.com,38,Female,married,No,No,No
617,Melva,Bradnock,mbradnockh4@senate.gov,35,Male,married,No,No,No
618,Neal,Shufflebotham,nshufflebothamh5@hhs.gov,60,Male,divorced,Yes,No,No
619,Wat,Crinidge,wcrinidgeh6@mozilla.com,54,Male,widowed,Yes,No,Yes
620,Valencia,Gerler,vgerlerh7@gnu.org,48,Female,single,Yes,No,Yes
621,Nerte,Dace,ndaceh8@feedburner.com,23,Female,married,Yes,No,Yes
622,Alethea,Hawsby,ahawsbyh9@meetup.com,40,Female,widowed,Yes,No,No
623,Catharina,Roalfe,croalfeha@tripod.com,34,Female,widowed,Yes,No,Yes
624,Marve,Alyokhin,malyokhinhb@deviantart.com,49,Male,divorced,No,Yes,Yes
625,Agace,Diego,adiegohc@nifty.com,39,Female,married,No,Yes,Yes
626,Jourdain,Tyres,jtyreshd@google.pl,21,Male,married,Yes,No,No
627,Crichton,Tomaini,ctomainihe@ifeng.com,14,Male,divorced,Yes,Yes,No
628,Weber,Bottelstone,wbottelstonehf@cnbc.com,55,Male,single,No,Yes,No
629,Evangeline,Wollaston,ewollastonhg@usnews.com,52,Female,divorced,Yes,Yes,No
630,Laural,Hadleigh,lhadleighhh@sitemeter.com,31,Female,divorced,No,Yes,No
631,Shawn,Howcroft,showcrofthi@google.de,29,Female,married,No,No,No
632,Lynnea,McGirr,lmcgirrhj@cnbc.com,18,Female,single,Yes,No,No
633,Dannie,Tutsell,dtutsellhk@infoseek.co.jp,63,Male,single,Yes,No,Yes
634,Angelico,Domenc,adomenchl@ning.com,46,Male,married,Yes,Yes,Yes
635,Chicky,Pomeroy,cpomeroyhm@salon.com,47,Female,married,Yes,No,Yes
636,Osmond,Brunet,obrunethn@biglobe.ne.jp,37,Male,divorced,Yes,No,Yes
637,Stanislaus,Fowell,sfowellho@indiatimes.com,43,Male,divorced,Yes,Yes,Yes
638,Traci,Whitty,twhittyhp@trellian.com,28,Female,single,No,Yes,No
639,Linea,Drydale,ldrydalehq@senate.gov,22,Female,divorced,Yes,No,No
640,Galvin,Pengilley,gpengilleyhr@istockphoto.com,17,Male,divorced,No,Yes,No
641,Bernita,Schulken,bschulkenhs@angelfire.com,59,Female,divorced,Yes,No,No
642,Audie,Whorlton,awhorltonht@infoseek.co.jp,37,Female,single,Yes,Yes,No
643,Marshal,Maeer,mmaeerhu@oaic.gov.au,65,Male,married,Yes,No,No
644,Kerby,Jarrard,kjarrardhv@angelfire.com,43,Male,widowed,Yes,Yes,Yes
645,Lincoln,Watts,lwattshw@1und1.de,62,Male,divorced,Yes,Yes,Yes
646,Tiff,Burnhard,tburnhardhx@ocn.ne.jp,40,Female,married,No,Yes,Yes
647,Estevan,Clowton,eclowtonhy@rambler.ru,49,Male,divorced,Yes,Yes,Yes
648,Minnnie,Magister,mmagisterhz@shutterfly.com,56,Female,divorced,Yes,No,No
649,Weber,Paulou,wpauloui0@statcounter.com,32,Male,divorced,No,No,No
650,Quincey,Joll,qjolli1@devhub.com,63,Male,widowed,Yes,No,Yes
651,Mable,Laker,mlakeri2@vk.com,46,Female,widowed,Yes,No,Yes
652,Gillian,Belly,gbellyi3@boston.com,58,Female,divorced,Yes,Yes,Yes
653,Ginevra,Atcheson,gatchesoni4@house.gov,22,Female,divorced,Yes,Yes,Yes
654,Carlota,Weldrick,cweldricki5@hostgator.com,25,Female,widowed,No,Yes,No
655,Brocky,Cammack,bcammacki6@cbsnews.com,20,Male,single,Yes,No,No
656,Marcos,Helliwell,mhelliwelli7@feedburner.com,40,Male,divorced,No,No,Yes
657,Abdul,Emilien,aemilieni8@nyu.edu,64,Male,single,Yes,No,Yes
658,Oralia,Alker,oalkeri9@wix.com,19,Female,single,No,Yes,Yes
659,Genny,Bransgrove,gbransgroveia@twitter.com,36,Female,divorced,Yes,Yes,Yes
660,Ruthy,Sheather,rsheatherib@4shared.com,35,Female,married,Yes,Yes,Yes
661,Sofia,Grishechkin,sgrishechkinic@dagondesign.com,63,Female,divorced,No,No,Yes
662,Keefe,Gollard,kgollardid@narod.ru,38,Male,married,Yes,Yes,No
663,Ellsworth,Campione,ecampioneie@slate.com,55,Male,single,No,No,Yes
664,Carly,Kamen,ckamenif@w3.org,60,Female,married,Yes,Yes,Yes
665,Carrol,Francescoccio,cfrancescoccioig@zdnet.com,15,Male,divorced,Yes,Yes,Yes
666,Nadine,Gawith,ngawithih@studiopress.com,48,Female,widowed,No,No,Yes
667,Donella,Trusdale,dtrusdaleii@sourceforge.net,19,Female,widowed,Yes,No,Yes
668,Sofie,Gotecliffe,sgotecliffeij@businessweek.com,46,Female,widowed,Yes,Yes,Yes
669,Shanan,Vala,svalaik@hexun.com,58,Male,widowed,No,Yes,Yes
670,Rowena,Bishopp,rbishoppil@chronoengine.com,61,Female,single,Yes,Yes,No
671,Jonathan,Olexa,jolexaim@indiatimes.com,45,Male,married,Yes,No,Yes
672,Erma,Bygreaves,ebygreavesin@google.de,43,Female,divorced,Yes,Yes,No
673,Mercie,Gilmartin,mgilmartinio@baidu.com,59,Female,widowed,No,No,Yes
674,Vernor,Shapero,vshaperoip@reverbnation.com,25,Male,single,Yes,No,No
675,Erich,Belding,ebeldingiq@soup.io,48,Male,married,No,No,Yes
676,Quincey,Rutt,qruttir@ft.com,21,Male,married,Yes,No,No
677,Jamill,Hanny,jhannyis@canalblog.com,44,Male,single,No,Yes,Yes
678,Florentia,Dahl,fdahlit@army.mil,52,Female,married,No,No,No
679,Wildon,Byrne,wbyrneiu@eepurl.com,36,Male,single,Yes,No,No
680,Noland,Gee,ngeeiv@mysql.com,65,Male,widowed,No,No,No
681,Bathsheba,Carlton,bcarltoniw@imdb.com,65,Female,single,Yes,No,No
682,Burr,Banfield,bbanfieldix@umich.edu,56,Male,widowed,No,No,No
683,Ruthi,Burvill,rburvilliy@mashable.com,36,Female,single,Yes,No,No
684,Mirilla,Winspur,mwinspuriz@salon.com,39,Female,single,No,Yes,Yes
685,Ernesta,Goozee,egoozeej0@washingtonpost.com,22,Female,divorced,No,Yes,No
686,Catherine,Collingdon,ccollingdonj1@pagesperso-orange.fr,16,Female,married,Yes,Yes,No
687,Darrick,Ventum,dventumj2@ftc.gov,24,Male,married,Yes,Yes,Yes
688,Jon,Sibray,jsibrayj3@unicef.org,22,Male,single,No,Yes,Yes
689,Bernelle,Swynley,bswynleyj4@photobucket.com,57,Female,married,No,Yes,No
690,Selma,Crabb,scrabbj5@topsy.com,45,Female,widowed,Yes,No,No
691,Cati,Marquot,cmarquotj6@plala.or.jp,61,Female,married,No,No,No
692,Marianna,Paramore,mparamorej7@feedburner.com,13,Female,divorced,No,Yes,No
693,Anabel,McGow,amcgowj8@mozilla.com,35,Female,divorced,No,Yes,Yes
694,Marieann,Savoury,msavouryj9@ucoz.com,31,Female,divorced,Yes,Yes,Yes
695,Clio,Stallon,cstallonja@weibo.com,44,Female,single,No,Yes,No
696,Sax,Bertlin,sbertlinjb@unicef.org,34,Male,widowed,No,No,Yes
697,Bunny,Moncreiffe,bmoncreiffejc@nymag.com,28,Female,divorced,Yes,Yes,No
698,Lindsay,Whaymand,lwhaymandjd@facebook.com,28,Male,divorced,Yes,No,No
699,Cristen,Nealon,cnealonje@acquirethisname.com,57,Female,married,No,Yes,Yes
700,Earle,MacCall,emaccalljf@seattletimes.com,56,Male,married,No,No,No
701,Ivonne,Bradmore,ibradmorejg@google.nl,27,Female,single,Yes,Yes,No
702,Dorothea,Purcell,dpurcelljh@state.gov,29,Female,married,No,Yes,Yes
703,Lorenza,Ffoulkes,lffoulkesji@tmall.com,44,Female,widowed,No,Yes,Yes
704,Maxim,Galiero,mgalierojj@domainmarket.com,61,Male,single,No,No,Yes
705,Hermon,Garter,hgarterjk@yale.edu,50,Male,married,No,Yes,Yes
706,Broddy,Gudahy,bgudahyjl@cyberchimps.com,44,Male,widowed,No,Yes,No
707,Yale,Woodberry,ywoodberryjm@unblog.fr,51,Male,married,No,Yes,Yes
708,Kip,Grunder,kgrunderjn@sourceforge.net,22,Male,married,No,No,No
709,Grantley,Brumpton,gbrumptonjo@chron.com,43,Male,widowed,Yes,No,No
710,Shadow,Riediger,sriedigerjp@un.org,13,Male,widowed,Yes,No,Yes
711,Killian,Coey,kcoeyjq@netvibes.com,46,Male,divorced,No,No,No
712,Sonya,Humm,shummjr@scientificamerican.com,20,Female,married,Yes,No,Yes
713,Gabby,Mackieson,gmackiesonjs@paginegialle.it,39,Male,widowed,Yes,No,Yes
714,Cos,Auchterlony,cauchterlonyjt@si.edu,28,Male,married,No,No,Yes
715,Patric,Dimmock,pdimmockju@nasa.gov,54,Male,single,Yes,Yes,No
716,Melli,Shirtcliffe,mshirtcliffejv@mapy.cz,58,Female,single,Yes,No,No
717,Antons,Penwright,apenwrightjw@blogspot.com,27,Male,single,No,Yes,Yes
718,Wildon,Wardrope,wwardropejx@g.co,19,Male,married,Yes,No,No
719,Vania,Rosenthaler,vrosenthalerjy@deliciousdays.com,40,Female,married,No,No,No
720,Aidan,Shewon,ashewonjz@jigsy.com,54,Female,widowed,Yes,Yes,No
721,Florette,Gunthorp,fgunthorpk0@e-recht24.de,14,Female,single,Yes,No,Yes
722,Gibb,Thorald,gthoraldk1@webmd.com,41,Male,single,Yes,No,No
723,Waldo,Sickert,wsickertk2@nyu.edu,59,Male,divorced,No,No,Yes
724,Charlean,Bourgeois,cbourgeoisk3@mashable.com,33,Female,divorced,No,No,No
725,Josiah,Todd,jtoddk4@vimeo.com,21,Male,divorced,Yes,No,No
726,Brendon,Riddlesden,briddlesdenk5@about.me,63,Male,widowed,Yes,No,Yes
727,Abagael,Hammarberg,ahammarbergk6@tiny.cc,50,Female,married,Yes,No,Yes
728,Jacquetta,Deacon,jdeaconk7@delicious.com,56,Female,single,Yes,No,No
729,Matthias,Barnsley,mbarnsleyk8@mail.ru,33,Male,married,Yes,No,No
730,Ellwood,Cranston,ecranstonk9@sina.com.cn,13,Male,widowed,No,Yes,No
731,Lars,Catford,lcatfordka@nasa.gov,28,Male,widowed,Yes,No,Yes
732,Griffy,Kerton,gkertonkb@diigo.com,57,Male,widowed,Yes,Yes,Yes
733,Chip,Struijs,cstruijskc@constantcontact.com,21,Male,single,No,No,No
734,Travers,Beden,tbedenkd@telegraph.co.uk,26,Male,widowed,No,No,Yes
735,Salvador,Symper,ssymperke@foxnews.com,49,Male,widowed,Yes,Yes,Yes
736,Katharine,Lalley,klalleykf@cyberchimps.com,30,Female,single,No,Yes,No
737,Maris,Marchant,mmarchantkg@creativecommons.org,53,Female,widowed,Yes,Yes,Yes
738,Rollie,Iremonger,riremongerkh@spiegel.de,65,Male,divorced,Yes,Yes,Yes
739,Jake,Carverhill,jcarverhillki@time.com,27,Male,widowed,No,Yes,No
740,Kendal,Angrock,kangrockkj@google.ca,48,Male,widowed,No,Yes,Yes
741,Pansy,Lindro,plindrokk@independent.co.uk,58,Female,divorced,No,Yes,No
742,Ellerey,Eldershaw,eeldershawkl@ftc.gov,53,Male,married,No,Yes,No
743,Ellwood,Ponter,eponterkm@latimes.com,15,Male,married,Yes,Yes,Yes
744,Nelie,Story,nstorykn@fotki.com,53,Female,divorced,No,No,No
745,Marshall,Linge,mlingeko@techcrunch.com,23,Male,widowed,No,Yes,No
746,Dilan,Henrys,dhenryskp@nih.gov,25,Male,married,Yes,No,No
747,Nathanil,Batts,nbattskq@examiner.com,15,Male,divorced,Yes,Yes,Yes
748,Jessamine,Baszniak,jbaszniakkr@com.com,17,Female,single,No,No,No
749,Tamma,Rzehorz,trzehorzks@yahoo.com,64,Female,divorced,Yes,No,No
750,Armando,Mumberson,amumbersonkt@bbb.org,45,Male,widowed,No,Yes,Yes
751,Kirby,Manneville,kmannevilleku@buzzfeed.com,61,Male,widowed,No,No,No
752,Rorie,Peoples,rpeopleskv@japanpost.jp,30,Female,divorced,Yes,Yes,No
753,Lucila,Redmille,lredmillekw@baidu.com,51,Female,divorced,No,No,Yes
754,Aldis,Brotherton,abrothertonkx@earthlink.net,55,Male,single,No,No,No
755,Parker,Chezier,pchezierky@usa.gov,39,Male,married,Yes,Yes,Yes
756,Job,Chaundy,jchaundykz@amazon.com,56,Male,widowed,No,No,Yes
757,Wilma,Ferrucci,wferruccil0@gnu.org,25,Female,divorced,No,Yes,No
758,Marla,Deering,mdeeringl1@desdev.cn,53,Female,married,No,Yes,Yes
759,Krishna,Martignoni,kmartignonil2@bizjournals.com,31,Female,divorced,Yes,Yes,No
760,Manuel,Ellacott,mellacottl3@last.fm,35,Male,divorced,Yes,Yes,No
761,Melva,Westcot,mwestcotl4@cmu.edu,19,Female,divorced,No,No,Yes
762,Orion,Whitnell,owhitnelll5@wufoo.com,32,Male,widowed,Yes,Yes,No
763,Clem,Fasse,cfassel6@samsung.com,33,Male,divorced,Yes,No,No
764,Heriberto,Turville,hturvillel7@mashable.com,25,Male,widowed,No,No,No
765,Aylmar,Frensch,afrenschl8@trellian.com,62,Male,single,No,Yes,Yes
766,Mel,Pinchin,mpinchinl9@blogs.com,63,Female,divorced,No,No,No
767,Blancha,Iacovucci,biacovuccila@abc.net.au,56,Female,single,No,No,No
768,Muffin,Shearstone,mshearstonelb@nba.com,40,Male,single,No,Yes,No
769,Joyce,Holton,jholtonlc@gravatar.com,49,Female,single,Yes,No,No
770,Luisa,Brocklebank,lbrocklebankld@github.io,60,Female,married,No,Yes,No
771,Charyl,Emps,cempsle@list-manage.com,46,Female,divorced,Yes,No,Yes
772,Rubin,Humpatch,rhumpatchlf@mtv.com,40,Male,single,Yes,Yes,Yes
773,Tybie,Wingate,twingatelg@businesswire.com,50,Female,divorced,No,Yes,Yes
774,Maybelle,Driffield,mdriffieldlh@techcrunch.com,61,Female,divorced,No,Yes,Yes
775,Leoine,Ziemen,lziemenli@yellowbook.com,49,Female,widowed,Yes,Yes,No
776,Quincey,Saye,qsayelj@github.io,46,Male,married,Yes,Yes,No
777,Zachariah,Cornau,zcornaulk@moonfruit.com,22,Male,single,No,No,Yes
778,Deni,Muffett,dmuffettll@devhub.com,51,Female,divorced,No,Yes,No
779,Monroe,Cassy,mcassylm@wikispaces.com,39,Male,divorced,Yes,No,Yes
780,Cristabel,Matushevich,cmatushevichln@imgur.com,55,Female,single,Yes,No,Yes
781,Lynnet,Bramsen,lbramsenlo@slate.com,56,Female,single,Yes,Yes,No
782,Glendon,Dunlap,gdunlaplp@google.com.hk,41,Male,widowed,No,Yes,Yes
783,Lilyan,Brearton,lbreartonlq@wp.com,30,Female,single,Yes,Yes,Yes
784,Redd,Sporton,rsportonlr@so-net.ne.jp,16,Male,single,No,Yes,Yes
785,Ajay,Ubach,aubachls@ocn.ne.jp,17,Male,married,Yes,No,No
786,Marlowe,Gainsburgh,mgainsburghlt@google.ru,48,Male,divorced,Yes,Yes,No
787,Brenn,Bignal,bbignallu@admin.ch,64,Female,widowed,No,Yes,No
788,Fanchette,Attock,fattocklv@zimbio.com,61,Female,married,No,Yes,No
789,Leoine,Ravilus,lraviluslw@upenn.edu,19,Female,married,Yes,Yes,Yes
790,Micheil,Scollan,mscollanlx@fc2.com,50,Male,widowed,No,No,Yes
791,Nikolas,Labon,nlabonly@i2i.jp,18,Male,divorced,Yes,Yes,No
792,Janek,Jacobowicz,jjacobowiczlz@webmd.com,44,Male,widowed,No,Yes,Yes
793,Thom,Winchcombe,twinchcombem0@vistaprint.com,37,Male,divorced,Yes,No,No
794,Guy,Pirrie,gpirriem1@purevolume.com,31,Male,married,Yes,Yes,No
795,Elysia,Kennler,ekennlerm2@state.tx.us,47,Female,widowed,No,No,No
796,Douglass,McCafferty,dmccaffertym3@house.gov,62,Male,widowed,No,No,No
797,Jens,Crinson,jcrinsonm4@elegantthemes.com,31,Male,divorced,Yes,No,No
798,Osborne,Alpes,oalpesm5@squarespace.com,20,Male,married,Yes,No,No
799,Jarrid,Colby,jcolbym6@dailymotion.com,39,Male,widowed,No,Yes,No
800,Jean,Pavlasek,jpavlasekm7@cargocollective.com,65,Male,widowed,No,No,Yes
801,Dirk,McCart,dmccartm8@pcworld.com,38,Male,widowed,No,Yes,No
802,Gabby,Behr,gbehrm9@behance.net,60,Male,widowed,No,Yes,No
803,Elna,Girvan,egirvanma@springer.com,56,Female,married,Yes,No,No
804,Carola,Tessington,ctessingtonmb@ifeng.com,20,Female,widowed,Yes,No,Yes
805,Edvard,Damper,edampermc@dion.ne.jp,61,Male,single,Yes,No,Yes
806,Babb,Le Gassick,blegassickmd@wunderground.com,26,Female,married,Yes,No,No
807,Zane,Lob,zlobme@yolasite.com,24,Male,widowed,Yes,No,Yes
808,Marlin,Tomlett,mtomlettmf@wisc.edu,51,Male,divorced,No,Yes,No
809,Bartholomeus,Joontjes,bjoontjesmg@princeton.edu,34,Male,married,No,No,Yes
810,Vidovik,Bedinham,vbedinhammh@squidoo.com,57,Male,married,No,Yes,No
811,Roy,Thickpenny,rthickpennymi@techcrunch.com,38,Male,single,Yes,Yes,Yes
812,Barclay,Sawkins,bsawkinsmj@fastcompany.com,30,Male,divorced,No,No,No
813,Joyous,Lindegard,jlindegardmk@angelfire.com,48,Female,married,No,No,No
814,Renata,Schubbert,rschubbertml@google.pl,16,Female,divorced,No,Yes,Yes
815,Connie,Deerr,cdeerrmm@booking.com,22,Female,widowed,No,Yes,No
816,Margarete,Fedynski,mfedynskimn@goo.ne.jp,21,Female,widowed,No,Yes,Yes
817,Obadias,de Savery,odesaverymo@geocities.com,39,Male,married,No,No,No
818,Kassandra,Scaysbrook,kscaysbrookmp@yale.edu,38,Female,divorced,No,No,Yes
819,Timofei,Chidley,tchidleymq@jiathis.com,54,Male,divorced,Yes,No,Yes
820,Walker,Lilbourne,wlilbournemr@sciencedirect.com,61,Male,married,No,Yes,No
821,Daveen,Adie,dadiems@wikia.com,61,Female,widowed,Yes,Yes,No
822,Vincenty,Schleicher,vschleichermt@oracle.com,54,Male,widowed,No,No,Yes
823,Susanetta,Astles,sastlesmu@senate.gov,36,Female,divorced,Yes,Yes,No
824,Walker,Armatage,warmatagemv@taobao.com,26,Male,single,No,No,Yes
825,Lexy,Bernhardsson,lbernhardssonmw@dmoz.org,40,Female,widowed,Yes,Yes,Yes
826,Olivia,Chater,ochatermx@rakuten.co.jp,36,Female,married,No,No,Yes
827,Whit,Bleasby,wbleasbymy@wikipedia.org,45,Male,widowed,Yes,No,Yes
828,Chrystal,Fairest,cfairestmz@51.la,60,Female,divorced,No,Yes,No
829,Gabbie,Downie,gdownien0@house.gov,32,Female,single,No,No,Yes
830,Dermot,Sawyers,dsawyersn1@sitemeter.com,28,Male,divorced,No,No,No
831,Nadeen,Tolland,ntollandn2@privacy.gov.au,36,Female,married,Yes,No,No
832,Hilary,Basden,hbasdenn3@reverbnation.com,25,Female,divorced,No,No,Yes
833,Roddie,Bointon,rbointonn4@so-net.ne.jp,14,Male,single,Yes,Yes,Yes
834,Dominique,Collinge,dcollingen5@topsy.com,50,Female,widowed,Yes,No,Yes
835,Obadiah,von Hagt,ovonhagtn6@usatoday.com,58,Male,divorced,Yes,Yes,No
836,Pancho,Cogman,pcogmann7@discovery.com,50,Male,widowed,Yes,No,Yes
837,Sharyl,Bogays,sbogaysn8@usgs.gov,65,Female,divorced,Yes,No,No
838,Webb,Kendal,wkendaln9@miibeian.gov.cn,63,Male,widowed,No,No,No
839,Ragnar,Idney,ridneyna@adobe.com,31,Male,widowed,Yes,Yes,Yes
840,Ainslie,Ollet,aolletnb@ihg.com,41,Female,single,Yes,Yes,Yes
841,Korey,Carlisso,kcarlissonc@loc.gov,61,Male,single,Yes,No,Yes
842,Joni,Dougherty,jdoughertynd@cnbc.com,20,Female,widowed,Yes,No,Yes
843,Papagena,Gutherson,pguthersonne@edublogs.org,49,Female,divorced,Yes,Yes,Yes
844,Danita,Cotty,dcottynf@wikia.com,14,Female,widowed,No,No,No
845,Gypsy,Cleever,gcleeverng@washington.edu,46,Female,married,No,No,No
846,Jarrad,Billing,jbillingnh@netscape.com,54,Male,married,No,No,No
847,Isabel,Dows,idowsni@homestead.com,59,Female,widowed,No,No,No
848,Goldina,Orneblow,gorneblownj@webmd.com,24,Female,single,Yes,Yes,No
849,Cullin,Artus,cartusnk@cdc.gov,15,Male,married,Yes,No,Yes
850,Valentine,Souza,vsouzanl@theguardian.com,55,Male,divorced,Yes,No,Yes
851,Elsie,Spellsworth,espellsworthnm@networkadvertising.org,36,Female,widowed,Yes,Yes,Yes
852,Levey,Suggett,lsuggettnn@ucoz.com,22,Male,divorced,No,Yes,No
853,Milly,Beevor,mbeevorno@yelp.com,56,Female,married,Yes,Yes,Yes
854,Freda,Guy,fguynp@rediff.com,22,Female,widowed,Yes,Yes,Yes
855,Pepita,Koubu,pkoubunq@google.nl,53,Female,married,No,No,Yes
856,Patrizius,Dinnies,pdinniesnr@flickr.com,41,Male,widowed,Yes,Yes,Yes
857,Noll,Andrea,nandreans@nature.com,44,Male,single,No,Yes,Yes
858,Randolph,Oade,roadent@ask.com,19,Male,single,Yes,Yes,No
859,Georgeanna,Hush,ghushnu@cnet.com,59,Female,married,No,No,Yes
860,Batsheva,Fussie,bfussienv@1688.com,40,Female,single,No,Yes,Yes
861,Reeta,Abrahams,rabrahamsnw@loc.gov,43,Female,widowed,No,Yes,No
862,Amelia,Symington,asymingtonnx@columbia.edu,55,Female,divorced,Yes,No,No
863,Bram,Inder,binderny@google.nl,36,Male,single,No,No,No
864,Jamill,Randerson,jrandersonnz@zdnet.com,35,Male,divorced,Yes,Yes,Yes
865,Addi,Brocking,abrockingo0@quantcast.com,36,Female,divorced,Yes,Yes,No
866,Doy,Harman,dharmano1@army.mil,25,Male,single,No,Yes,No
867,Gherardo,Ickowicz,gickowiczo2@acquirethisname.com,24,Male,married,No,No,Yes
868,Roslyn,Bauldrey,rbauldreyo3@instagram.com,50,Female,divorced,No,No,No
869,Harv,Neeson,hneesono4@yolasite.com,35,Male,widowed,Yes,No,Yes
870,Maren,Glancy,mglancyo5@blogs.com,35,Female,single,No,Yes,No
871,Jarrad,Le Barre,jlebarreo6@home.pl,44,Male,widowed,Yes,Yes,Yes
872,Hermon,Pulhoster,hpulhostero7@csmonitor.com,38,Male,widowed,Yes,No,Yes
873,Reuven,Baleine,rbaleineo8@cmu.edu,53,Male,single,Yes,Yes,No
874,Hubie,Really,hreallyo9@wufoo.com,54,Male,single,No,No,Yes
875,Lilllie,Trillo,ltrillooa@slashdot.org,34,Female,married,Yes,Yes,No
876,Katya,Sline,kslineob@wunderground.com,54,Female,married,Yes,No,No
877,Leeland,O'Hanlon,lohanlonoc@wired.com,38,Male,married,No,No,No
878,Filbert,Scholfield,fscholfieldod@nhs.uk,26,Male,divorced,No,Yes,No
879,Germain,Sutherel,gsuthereloe@mac.com,18,Male,married,No,Yes,Yes
880,Riccardo,Elliman,rellimanof@thetimes.co.uk,49,Male,married,Yes,No,No
881,Danielle,Kardos-Stowe,dkardosstoweog@blogspot.com,23,Female,married,Yes,Yes,No
882,Anette,Kenion,akenionoh@unicef.org,34,Female,widowed,No,Yes,No
883,Loren,Dobbings,ldobbingsoi@umn.edu,27,Female,married,Yes,Yes,No
884,Rutherford,Gandar,rgandaroj@nba.com,31,Male,widowed,Yes,Yes,No
885,Yolane,Frow,yfrowok@time.com,24,Female,single,No,Yes,Yes
886,Arni,Heeney,aheeneyol@yahoo.com,18,Male,married,No,Yes,Yes
887,Adore,Penhalurick,apenhalurickom@chron.com,48,Female,divorced,No,No,No
888,Raddy,Flintoft,rflintofton@macromedia.com,21,Male,widowed,Yes,No,Yes
889,Jenny,Egel,jegeloo@unesco.org,35,Female,married,No,Yes,No
890,Phil,Dymocke,pdymockeop@rakuten.co.jp,43,Male,single,No,Yes,Yes
891,Barrie,Brinsden,bbrinsdenoq@ucoz.ru,41,Female,married,Yes,Yes,No
892,Belia,Trebble,btrebbleor@nasa.gov,36,Female,widowed,Yes,No,No
893,Rozelle,Barrasse,rbarrasseos@ovh.net,61,Female,married,No,No,No
894,Sly,Tattersfield,stattersfieldot@taobao.com,16,Male,widowed,Yes,No,No
895,Jonathon,Tongs,jtongsou@wikipedia.org,18,Male,single,Yes,No,Yes
896,Berthe,Bruckent,bbruckentov@imdb.com,50,Female,widowed,Yes,Yes,No
897,Wilek,Askaw,waskawow@berkeley.edu,14,Male,divorced,Yes,No,No
898,Sharleen,Larmour,slarmourox@seesaa.net,15,Female,widowed,Yes,No,No
899,Eleanora,Colicot,ecolicotoy@ucoz.com,65,Female,widowed,No,No,No
900,Ardyce,Polleye,apolleyeoz@army.mil,52,Female,single,Yes,Yes,Yes
901,Crawford,Crowcher,ccrowcherp0@amazonaws.com,59,Male,married,Yes,No,No
902,Pincas,Philipsson,pphilipssonp1@gov.uk,24,Male,divorced,Yes,Yes,No
903,Cyndi,Gadault,cgadaultp2@intel.com,25,Female,single,No,Yes,Yes
904,Jammal,Shord,jshordp3@pagesperso-orange.fr,39,Male,widowed,Yes,No,Yes
905,Hewett,Ansill,hansillp4@cbslocal.com,65,Male,divorced,Yes,Yes,No
906,Ber,Shailer,bshailerp5@quantcast.com,64,Male,married,No,Yes,Yes
907,Ursulina,Rzehorz,urzehorzp6@soundcloud.com,60,Female,widowed,Yes,Yes,Yes
908,Kordula,Massinger,kmassingerp7@twitter.com,63,Female,divorced,Yes,Yes,No
909,Nehemiah,Breeton,nbreetonp8@wufoo.com,37,Male,married,No,Yes,Yes
910,Davon,Mawtus,dmawtusp9@shop-pro.jp,61,Male,divorced,Yes,Yes,No
911,Rudolfo,Rawcliff,rrawcliffpa@slideshare.net,13,Male,married,No,No,No
912,Eyde,Antonchik,eantonchikpb@psu.edu,48,Female,single,Yes,Yes,No
913,Kaia,Niset,knisetpc@china.com.cn,35,Female,single,Yes,Yes,Yes
914,Floris,Shinton,fshintonpd@netlog.com,65,Female,widowed,Yes,Yes,No
915,Tabbi,Ervine,tervinepe@google.com.br,58,Female,single,No,No,Yes
916,Joshia,Rittmeier,jrittmeierpf@histats.com,25,Male,widowed,Yes,Yes,No
917,Ardene,Shutte,ashuttepg@com.com,49,Female,divorced,Yes,Yes,Yes
918,Caye,Fantin,cfantinph@slate.com,62,Female,single,No,Yes,Yes
919,Jude,Corben,jcorbenpi@ameblo.jp,52,Male,single,Yes,No,No
920,Daria,Tupling,dtuplingpj@delicious.com,39,Female,widowed,Yes,No,Yes
921,Val,Sherreard,vsherreardpk@quantcast.com,51,Female,widowed,Yes,No,No
922,Geoffrey,Corser,gcorserpl@ezinearticles.com,52,Male,widowed,Yes,Yes,No
923,Lion,Romer,lromerpm@dagondesign.com,48,Male,single,Yes,No,Yes
924,Teddy,Winchcomb,twinchcombpn@yahoo.com,39,Female,married,Yes,No,No
925,Corty,Habershon,chabershonpo@craigslist.org,25,Male,married,Yes,Yes,No
926,Lemmie,Kirwood,lkirwoodpp@ucoz.com,30,Male,divorced,No,No,No
927,Damon,Laundon,dlaundonpq@soundcloud.com,38,Male,divorced,No,No,Yes
928,Tami,Hinge,thingepr@disqus.com,18,Female,married,No,Yes,No
929,Edmon,Chmiel,echmielps@sakura.ne.jp,52,Male,married,No,Yes,Yes
930,Lara,O' Bee,lobeept@etsy.com,50,Female,married,No,No,Yes
931,Charlot,Pile,cpilepu@google.com.br,14,Female,widowed,No,Yes,No
932,Chev,Hindge,chindgepv@marketwatch.com,39,Male,widowed,Yes,Yes,No
933,Farleigh,Vivien,fvivienpw@google.fr,27,Male,married,Yes,No,Yes
934,Marv,Olive,molivepx@yandex.ru,36,Male,divorced,Yes,Yes,No
935,Simona,Verbeke,sverbekepy@craigslist.org,28,Female,married,No,No,Yes
936,Kial,Pantone,kpantonepz@hc360.com,58,Female,widowed,Yes,Yes,No
937,Anissa,Tapsell,atapsellq0@smugmug.com,59,Female,divorced,Yes,Yes,Yes
938,Merle,McKellar,mmckellarq1@fda.gov,47,Female,widowed,No,No,Yes
939,Davita,Preddle,dpreddleq2@amazon.de,42,Female,widowed,Yes,No,Yes
940,Eduard,Shepland,esheplandq3@ftc.gov,49,Male,married,No,Yes,Yes
941,Keri,Switzer,kswitzerq4@berkeley.edu,50,Female,married,No,No,No
942,Gisella,Deaconson,gdeaconsonq5@fema.gov,62,Female,widowed,Yes,Yes,Yes
943,Emelyne,Yellep,eyellepq6@buzzfeed.com,38,Female,single,No,Yes,Yes
944,Dermot,Lidgely,dlidgelyq7@gov.uk,34,Male,widowed,No,No,No
945,Carline,Kew,ckewq8@webmd.com,14,Female,widowed,No,No,No
946,Burlie,Ironmonger,bironmongerq9@foxnews.com,50,Male,divorced,No,No,Yes
947,Donal,Orry,dorryqa@fda.gov,14,Male,single,Yes,Yes,Yes
948,Amalia,Swanne,aswanneqb@chronoengine.com,42,Female,divorced,Yes,No,Yes
949,Harrison,Norsworthy,hnorsworthyqc@github.io,42,Male,widowed,Yes,Yes,No
950,Kristin,Dennitts,kdennittsqd@comcast.net,40,Female,divorced,Yes,Yes,No
951,Inglebert,Bursnoll,ibursnollqe@china.com.cn,42,Male,widowed,Yes,Yes,No
952,Ade,Knapp,aknappqf@flavors.me,42,Male,single,No,No,No
953,Iormina,Holdren,iholdrenqg@mayoclinic.com,29,Female,widowed,No,No,Yes
954,Rae,Trousdale,rtrousdaleqh@creativecommons.org,57,Female,divorced,No,No,Yes
955,Vivian,Greenhalf,vgreenhalfqi@myspace.com,44,Female,widowed,No,No,Yes
956,Oliver,Udie,oudieqj@feedburner.com,36,Male,divorced,No,No,Yes
957,Seymour,Gligorijevic,sgligorijevicqk@mayoclinic.com,19,Male,divorced,No,No,Yes
958,Garrick,Landor,glandorql@upenn.edu,27,Male,married,Yes,No,No
959,Elissa,Fairhead,efairheadqm@printfriendly.com,53,Female,single,No,No,No
960,Inglis,Proschke,iproschkeqn@dmoz.org,47,Female,married,Yes,Yes,Yes
961,Chilton,McKinlay,cmckinlayqo@webs.com,31,Male,widowed,Yes,Yes,Yes
962,Leo,Tippings,ltippingsqp@1und1.de,17,Male,divorced,No,Yes,No
963,Carlos,Whitebrook,cwhitebrookqq@blogspot.com,39,Male,widowed,Yes,Yes,No
964,Rosamond,Seacroft,rseacroftqr@macromedia.com,54,Female,married,No,Yes,No
965,Abdel,Kezourec,akezourecqs@reddit.com,30,Male,divorced,Yes,No,Yes
966,Avigdor,Matitiaho,amatitiahoqt@bigcartel.com,37,Male,single,Yes,No,Yes
967,Vivianna,Imison,vimisonqu@hibu.com,52,Female,widowed,No,Yes,No
968,Caryn,Tomas,ctomasqv@photobucket.com,48,Female,divorced,No,No,No
969,Oberon,Dochon,odochonqw@typepad.com,44,Male,married,Yes,Yes,No
970,Lanna,Undrell,lundrellqx@zimbio.com,59,Female,widowed,No,No,Yes
971,Adams,Skeels,askeelsqy@51.la,14,Male,divorced,Yes,No,Yes
972,Sigfrid,Nickoles,snickolesqz@go.com,51,Male,married,Yes,Yes,Yes
973,Junette,Braker,jbrakerr0@npr.org,23,Female,widowed,Yes,No,Yes
974,Jerald,Gurery,jgureryr1@amazon.co.uk,58,Male,married,Yes,Yes,No
975,Ariela,Zanioletti,azaniolettir2@theglobeandmail.com,16,Female,divorced,Yes,Yes,Yes
976,Brok,Burkett,bburkettr3@japanpost.jp,60,Male,single,Yes,Yes,No
977,Shepard,Cornillot,scornillotr4@wikispaces.com,36,Male,single,Yes,Yes,Yes
978,Vanessa,Cardow,vcardowr5@elegantthemes.com,42,Female,divorced,Yes,No,Yes
979,Brook,Castiglioni,bcastiglionir6@vk.com,42,Male,widowed,Yes,Yes,No
980,Arnaldo,Garrals,agarralsr7@prlog.org,19,Male,single,No,Yes,Yes
981,Mab,Stollberg,mstollbergr8@senate.gov,48,Female,widowed,Yes,No,Yes
982,Gillie,Gaydon,ggaydonr9@mediafire.com,17,Female,widowed,Yes,No,Yes
983,Chryste,Lindermann,clindermannra@w3.org,15,Female,married,Yes,No,No
984,Yasmin,Guerro,yguerrorb@noaa.gov,13,Female,divorced,No,No,No
985,Stanislaw,Fountain,sfountainrc@dell.com,15,Male,married,No,No,Yes
986,Shurlock,Olenchenko,solenchenkord@google.ru,44,Male,married,No,No,Yes
987,Roselle,Giovannardi,rgiovannardire@google.com.hk,46,Female,single,No,No,No
988,Caitrin,Clendennen,cclendennenrf@hibu.com,44,Female,divorced,Yes,Yes,Yes
989,Kyle,Riddall,kriddallrg@wired.com,48,Female,divorced,Yes,No,No
990,Martino,Aspall,maspallrh@shop-pro.jp,52,Male,married,Yes,No,No
991,Veda,Hosier,vhosierri@cmu.edu,42,Female,widowed,Yes,No,Yes
992,Melloney,Fasey,mfaseyrj@slate.com,64,Female,divorced,No,No,No
993,Dorry,Corbishley,dcorbishleyrk@engadget.com,26,Female,divorced,No,No,No
994,Fulton,Doswell,fdoswellrl@chron.com,15,Male,widowed,Yes,No,No
995,Zebulon,Jenson,zjensonrm@gmpg.org,55,Male,widowed,No,No,No
996,Robbie,Chaulk,rchaulkrn@topsy.com,54,Male,widowed,Yes,No,Yes
997,Lucinda,Clinnick,lclinnickro@shareasale.com,45,Female,married,Yes,Yes,No
998,George,Vautin,gvautinrp@nymag.com,42,Female,single,No,No,Yes
999,Maurise,Gallatly,mgallatlyrq@trellian.com,65,Female,married,Yes,No,Yes
1000,Horten,Abrashkov,habrashkovrr@foxnews.com,56,Male,single,No,No,No
